url,type,source_page
https://wwws.warnerbros.co.jp/anime/kamimemo/core_sys/images/header/head_logo01.jpg,jpg,https://wwws.warnerbros.co.jp/anime/kamimemo/
https://wwws.warnerbros.co.jp/anime/kamimemo/core_sys/images/banner/00000001.jpg,jpg,https://wwws.warnerbros.co.jp/anime/kamimemo/
https://wwws.warnerbros.co.jp/anime/kamimemo/core_sys/js/common.js,js,https://wwws.warnerbros.co.jp/anime/kamimemo/
https://wwws.warnerbros.co.jp/anime/kamimemo/core_sys/js/user.js,js,https://wwws.warnerbros.co.jp/anime/kamimemo/
https://ajax.googleapis.com/ajax/libs/jquery/1.7.2/jquery.min.js,js,https://wwws.warnerbros.co.jp/anime/kamimemo/
https://wwws.warnerbros.co.jp/anime/kamimemo/core_sys/css/import/top/001/set.css,css,https://wwws.warnerbros.co.jp/anime/kamimemo/
https://wwws.warnerbros.co.jp/anime/kamimemo/core_sys/css/import/top/001/dez_pt.css,css,https://wwws.warnerbros.co.jp/anime/kamimemo/
https://wwws.warnerbros.co.jp/anime/kamimemo/core_sys/css/import/top/001/unit.css,css,https://wwws.warnerbros.co.jp/anime/kamimemo/
https://wwws.warnerbros.co.jp/anime/kamimemo/core_sys/css/fsc/fss.css,css,https://wwws.warnerbros.co.jp/anime/kamimemo/
https://wwws.warnerbros.co.jp/anime/kamimemo/core_sys/css/fsc/fsm.css,css,https://wwws.warnerbros.co.jp/anime/kamimemo/
https://wwws.warnerbros.co.jp/anime/kamimemo/core_sys/css/fsc/fsl.css,css,https://wwws.warnerbros.co.jp/anime/kamimemo/
https://wwws.warnerbros.co.jp/anime/kamimemo,page,https://wwws.warnerbros.co.jp/anime/kamimemo/
https://wwws.warnerbros.co.jp/anime/kamimemo/news/hp0001/list00020000.html,page,https://wwws.warnerbros.co.jp/anime/kamimemo/
https://wwws.warnerbros.co.jp/anime/kamimemo/core_sys/images/header/head_logo02.jpg,jpg,https://wwws.warnerbros.co.jp/anime/kamimemo/news/hp0001/list00020000.html
https://wwws.warnerbros.co.jp/anime/kamimemo/core_sys/images/main/contents/nh2_1.gif,gif,https://wwws.warnerbros.co.jp/anime/kamimemo/news/hp0001/list00020000.html
https://wwws.warnerbros.co.jp/anime/kamimemo/core_sys/images/sys/pagetop_bt.gif,gif,https://wwws.warnerbros.co.jp/anime/kamimemo/news/hp0001/list00020000.html
https://wwws.warnerbros.co.jp/anime/kamimemo/core_sys/css/import/news/001/set.css,css,https://wwws.warnerbros.co.jp/anime/kamimemo/news/hp0001/list00020000.html
https://wwws.warnerbros.co.jp/anime/kamimemo/core_sys/css/import/news/001/dez_pt.css,css,https://wwws.warnerbros.co.jp/anime/kamimemo/news/hp0001/list00020000.html
https://wwws.warnerbros.co.jp/anime/kamimemo/core_sys/css/import/news/001/unit.css,css,https://wwws.warnerbros.co.jp/anime/kamimemo/news/hp0001/list00020000.html
https://wwws.warnerbros.co.jp/anime/kamimemo/news/hp0001/list00020001.html,page,https://wwws.warnerbros.co.jp/anime/kamimemo/news/hp0001/list00020000.html
https://wwws.warnerbros.co.jp/anime/kamimemo/news/hp0001/list00020002.html,page,https://wwws.warnerbros.co.jp/anime/kamimemo/news/hp0001/list00020001.html
https://wwws.warnerbros.co.jp/anime/kamimemo/news/hp0001/index00050000.html,page,https://wwws.warnerbros.co.jp/anime/kamimemo/news/hp0001/list00020002.html
https://wwws.warnerbros.co.jp/anime/kamimemo/core_sys/images/sys/back_list_bt.gif,gif,https://wwws.warnerbros.co.jp/anime/kamimemo/news/hp0001/index00050000.html
http://www.youtube.com/embed/YfJ1aCh6wzg,page,https://wwws.warnerbros.co.jp/anime/kamimemo/news/hp0001/index00050000.html
https://wwws.warnerbros.co.jp/anime/kamimemo/contents/hp0003/index00060000.html,page,https://wwws.warnerbros.co.jp/anime/kamimemo/news/hp0001/index00050000.html
https://wwws.warnerbros.co.jp/anime/kamimemo/core_sys/images/main/contents/h2_1.gif,gif,https://wwws.warnerbros.co.jp/anime/kamimemo/contents/hp0003/index00060000.html
https://wwws.warnerbros.co.jp/anime/kamimemo/core_sys/images/contents/00000006/base/001.jpg,jpg,https://wwws.warnerbros.co.jp/anime/kamimemo/contents/hp0003/index00060000.html
https://wwws.warnerbros.co.jp/anime/kamimemo/core_sys/css/import/contents/002/set.css,css,https://wwws.warnerbros.co.jp/anime/kamimemo/contents/hp0003/index00060000.html
https://wwws.warnerbros.co.jp/anime/kamimemo/core_sys/css/import/contents/002/dez_pt.css,css,https://wwws.warnerbros.co.jp/anime/kamimemo/contents/hp0003/index00060000.html
https://wwws.warnerbros.co.jp/anime/kamimemo/core_sys/css/import/contents/002/unit.css,css,https://wwws.warnerbros.co.jp/anime/kamimemo/contents/hp0003/index00060000.html
https://wwws.warnerbros.co.jp/anime/kamimemo/contents/hp0004/index00080000.html,page,https://wwws.warnerbros.co.jp/anime/kamimemo/contents/hp0003/index00060000.html
https://wwws.warnerbros.co.jp/anime/kamimemo/core_sys/images/main/contents/h2_2.gif,gif,https://wwws.warnerbros.co.jp/anime/kamimemo/contents/hp0004/index00080000.html
https://wwws.warnerbros.co.jp/anime/kamimemo/core_sys/images/contents/00000008/block/00000010/00000019.jpg,jpg,https://wwws.warnerbros.co.jp/anime/kamimemo/contents/hp0004/index00080000.html
https://wwws.warnerbros.co.jp/anime/kamimemo/core_sys/images/main/contents/chara/bt_chara01a.jpg,jpg,https://wwws.warnerbros.co.jp/anime/kamimemo/contents/hp0004/index00080000.html
https://wwws.warnerbros.co.jp/anime/kamimemo/contents/hp0004/index00080001.html,page,https://wwws.warnerbros.co.jp/anime/kamimemo/contents/hp0004/index00080000.html
https://wwws.warnerbros.co.jp/anime/kamimemo/core_sys/images/contents/00000008/block/00000011/00000020.jpg,jpg,https://wwws.warnerbros.co.jp/anime/kamimemo/contents/hp0004/index00080001.html
https://wwws.warnerbros.co.jp/anime/kamimemo/core_sys/images/main/contents/chara/bt_chara02a.jpg,jpg,https://wwws.warnerbros.co.jp/anime/kamimemo/contents/hp0004/index00080001.html
https://wwws.warnerbros.co.jp/anime/kamimemo/contents/hp0004/index00080002.html,page,https://wwws.warnerbros.co.jp/anime/kamimemo/contents/hp0004/index00080001.html
https://wwws.warnerbros.co.jp/anime/kamimemo/core_sys/images/contents/00000008/block/00000012/00000021.jpg,jpg,https://wwws.warnerbros.co.jp/anime/kamimemo/contents/hp0004/index00080002.html
https://wwws.warnerbros.co.jp/anime/kamimemo/core_sys/images/main/contents/chara/bt_chara03a.jpg,jpg,https://wwws.warnerbros.co.jp/anime/kamimemo/contents/hp0004/index00080002.html
https://wwws.warnerbros.co.jp/anime/kamimemo/contents/hp0004/index00080003.html,page,https://wwws.warnerbros.co.jp/anime/kamimemo/contents/hp0004/index00080002.html
https://wwws.warnerbros.co.jp/anime/kamimemo/core_sys/images/contents/00000008/block/00000013/00000022.jpg,jpg,https://wwws.warnerbros.co.jp/anime/kamimemo/contents/hp0004/index00080003.html
https://wwws.warnerbros.co.jp/anime/kamimemo/core_sys/images/main/contents/chara/bt_chara04a.jpg,jpg,https://wwws.warnerbros.co.jp/anime/kamimemo/contents/hp0004/index00080003.html
https://wwws.warnerbros.co.jp/anime/kamimemo/contents/hp0004/index00080004.html,page,https://wwws.warnerbros.co.jp/anime/kamimemo/contents/hp0004/index00080003.html
https://wwws.warnerbros.co.jp/anime/kamimemo/core_sys/images/contents/00000008/block/00000014/00000023.jpg,jpg,https://wwws.warnerbros.co.jp/anime/kamimemo/contents/hp0004/index00080004.html
https://wwws.warnerbros.co.jp/anime/kamimemo/core_sys/images/main/contents/chara/bt_chara05a.jpg,jpg,https://wwws.warnerbros.co.jp/anime/kamimemo/contents/hp0004/index00080004.html
https://wwws.warnerbros.co.jp/anime/kamimemo/contents/hp0004/index00080005.html,page,https://wwws.warnerbros.co.jp/anime/kamimemo/contents/hp0004/index00080004.html
https://wwws.warnerbros.co.jp/anime/kamimemo/core_sys/images/contents/00000008/block/00000015/00000024.jpg,jpg,https://wwws.warnerbros.co.jp/anime/kamimemo/contents/hp0004/index00080005.html
https://wwws.warnerbros.co.jp/anime/kamimemo/core_sys/images/main/contents/chara/bt_chara06a.jpg,jpg,https://wwws.warnerbros.co.jp/anime/kamimemo/contents/hp0004/index00080005.html
https://wwws.warnerbros.co.jp/anime/kamimemo/contents/hp0004/index00080006.html,page,https://wwws.warnerbros.co.jp/anime/kamimemo/contents/hp0004/index00080005.html
https://wwws.warnerbros.co.jp/anime/kamimemo/core_sys/images/contents/00000008/block/00000016/00000025.jpg,jpg,https://wwws.warnerbros.co.jp/anime/kamimemo/contents/hp0004/index00080006.html
https://wwws.warnerbros.co.jp/anime/kamimemo/core_sys/images/main/contents/chara/bt_chara07a.jpg,jpg,https://wwws.warnerbros.co.jp/anime/kamimemo/contents/hp0004/index00080006.html
https://wwws.warnerbros.co.jp/anime/kamimemo/contents/hp0004/index00080007.html,page,https://wwws.warnerbros.co.jp/anime/kamimemo/contents/hp0004/index00080006.html
https://wwws.warnerbros.co.jp/anime/kamimemo/core_sys/images/contents/00000008/block/00000017/00000026.jpg,jpg,https://wwws.warnerbros.co.jp/anime/kamimemo/contents/hp0004/index00080007.html
https://wwws.warnerbros.co.jp/anime/kamimemo/core_sys/images/main/contents/chara/bt_chara08a.jpg,jpg,https://wwws.warnerbros.co.jp/anime/kamimemo/contents/hp0004/index00080007.html
https://wwws.warnerbros.co.jp/anime/kamimemo/contents/hp0004/index00080008.html,page,https://wwws.warnerbros.co.jp/anime/kamimemo/contents/hp0004/index00080007.html
https://wwws.warnerbros.co.jp/anime/kamimemo/core_sys/images/contents/00000008/block/00000065/00000125.jpg,jpg,https://wwws.warnerbros.co.jp/anime/kamimemo/contents/hp0004/index00080008.html
https://wwws.warnerbros.co.jp/anime/kamimemo/core_sys/images/main/contents/chara/bt_chara09a.jpg,jpg,https://wwws.warnerbros.co.jp/anime/kamimemo/contents/hp0004/index00080008.html
https://wwws.warnerbros.co.jp/anime/kamimemo/contents/hp0004/index00080009.html,page,https://wwws.warnerbros.co.jp/anime/kamimemo/contents/hp0004/index00080008.html
https://wwws.warnerbros.co.jp/anime/kamimemo/core_sys/images/contents/00000008/block/00000066/00000126.jpg,jpg,https://wwws.warnerbros.co.jp/anime/kamimemo/contents/hp0004/index00080009.html
https://wwws.warnerbros.co.jp/anime/kamimemo/core_sys/images/main/contents/chara/bt_chara10a.jpg,jpg,https://wwws.warnerbros.co.jp/anime/kamimemo/contents/hp0004/index00080009.html
https://wwws.warnerbros.co.jp/anime/kamimemo/contents/hp0004/index00080010.html,page,https://wwws.warnerbros.co.jp/anime/kamimemo/contents/hp0004/index00080009.html
https://wwws.warnerbros.co.jp/anime/kamimemo/core_sys/images/contents/00000008/block/00000067/00000130.jpg,jpg,https://wwws.warnerbros.co.jp/anime/kamimemo/contents/hp0004/index00080010.html
https://wwws.warnerbros.co.jp/anime/kamimemo/core_sys/images/main/contents/chara/bt_chara11a.gif,gif,https://wwws.warnerbros.co.jp/anime/kamimemo/contents/hp0004/index00080010.html
https://wwws.warnerbros.co.jp/anime/kamimemo/contents/hp0005/index00070000.html,page,https://wwws.warnerbros.co.jp/anime/kamimemo/contents/hp0004/index00080010.html
https://wwws.warnerbros.co.jp/anime/kamimemo/core_sys/images/main/contents/h2_3.gif,gif,https://wwws.warnerbros.co.jp/anime/kamimemo/contents/hp0005/index00070000.html
https://wwws.warnerbros.co.jp/anime/kamimemo/core_sys/images/contents/00000007/base/001.jpg,jpg,https://wwws.warnerbros.co.jp/anime/kamimemo/contents/hp0005/index00070000.html
https://wwws.warnerbros.co.jp/anime/kamimemo/contents/hp0006/list00000000.html,page,https://wwws.warnerbros.co.jp/anime/kamimemo/contents/hp0005/index00070000.html
https://wwws.warnerbros.co.jp/anime/kamimemo/core_sys/images/main/contents/h2_4.gif,gif,https://wwws.warnerbros.co.jp/anime/kamimemo/contents/hp0006/list00000000.html
https://wwws.warnerbros.co.jp/anime/kamimemo/core_sys/images/contents/00000020/base/l1.gif,gif,https://wwws.warnerbros.co.jp/anime/kamimemo/contents/hp0006/list00000000.html
https://wwws.warnerbros.co.jp/anime/kamimemo/core_sys/images/contents/00000019/base/l1.gif,gif,https://wwws.warnerbros.co.jp/anime/kamimemo/contents/hp0006/list00000000.html
https://wwws.warnerbros.co.jp/anime/kamimemo/core_sys/images/contents/00000018/base/l1.gif,gif,https://wwws.warnerbros.co.jp/anime/kamimemo/contents/hp0006/list00000000.html
https://wwws.warnerbros.co.jp/anime/kamimemo/core_sys/images/contents/00000017/base/l1.gif,gif,https://wwws.warnerbros.co.jp/anime/kamimemo/contents/hp0006/list00000000.html
https://wwws.warnerbros.co.jp/anime/kamimemo/core_sys/images/contents/00000016/base/l1.gif,gif,https://wwws.warnerbros.co.jp/anime/kamimemo/contents/hp0006/list00000000.html
https://wwws.warnerbros.co.jp/anime/kamimemo/core_sys/images/contents/00000015/base/l1.gif,gif,https://wwws.warnerbros.co.jp/anime/kamimemo/contents/hp0006/list00000000.html
https://wwws.warnerbros.co.jp/anime/kamimemo/core_sys/images/contents/00000014/base/l1.gif,gif,https://wwws.warnerbros.co.jp/anime/kamimemo/contents/hp0006/list00000000.html
https://wwws.warnerbros.co.jp/anime/kamimemo/core_sys/images/contents/00000013/base/l1.gif,gif,https://wwws.warnerbros.co.jp/anime/kamimemo/contents/hp0006/list00000000.html
https://wwws.warnerbros.co.jp/anime/kamimemo/core_sys/images/contents/00000012/base/l1.gif,gif,https://wwws.warnerbros.co.jp/anime/kamimemo/contents/hp0006/list00000000.html
https://wwws.warnerbros.co.jp/anime/kamimemo/core_sys/images/contents/00000011/base/l1.gif,gif,https://wwws.warnerbros.co.jp/anime/kamimemo/contents/hp0006/list00000000.html
https://wwws.warnerbros.co.jp/anime/kamimemo/core_sys/images/contents/00000010/base/l1.gif,gif,https://wwws.warnerbros.co.jp/anime/kamimemo/contents/hp0006/list00000000.html
https://wwws.warnerbros.co.jp/anime/kamimemo/core_sys/images/contents/00000009/base/l1.gif,gif,https://wwws.warnerbros.co.jp/anime/kamimemo/contents/hp0006/list00000000.html
https://wwws.warnerbros.co.jp/anime/kamimemo/core_sys/css/import/contents/004/set.css,css,https://wwws.warnerbros.co.jp/anime/kamimemo/contents/hp0006/list00000000.html
https://wwws.warnerbros.co.jp/anime/kamimemo/core_sys/css/import/contents/004/dez_pt.css,css,https://wwws.warnerbros.co.jp/anime/kamimemo/contents/hp0006/list00000000.html
https://wwws.warnerbros.co.jp/anime/kamimemo/core_sys/css/import/contents/004/unit.css,css,https://wwws.warnerbros.co.jp/anime/kamimemo/contents/hp0006/list00000000.html
https://wwws.warnerbros.co.jp/anime/kamimemo/contents/hp0006/index00200000.html,page,https://wwws.warnerbros.co.jp/anime/kamimemo/contents/hp0006/list00000000.html
https://wwws.warnerbros.co.jp/anime/kamimemo/core_sys/images/contents/00000020/block/00000062/00000118.gif,gif,https://wwws.warnerbros.co.jp/anime/kamimemo/contents/hp0006/index00200000.html
https://wwws.warnerbros.co.jp/anime/kamimemo/core_sys/images/contents/00000020/block/00000063/00000119.gif,gif,https://wwws.warnerbros.co.jp/anime/kamimemo/contents/hp0006/index00200000.html
https://wwws.warnerbros.co.jp/anime/kamimemo/core_sys/images/contents/00000020/block/00000063/00000120.gif,gif,https://wwws.warnerbros.co.jp/anime/kamimemo/contents/hp0006/index00200000.html
https://wwws.warnerbros.co.jp/anime/kamimemo/core_sys/images/contents/00000020/block/00000063/00000121.gif,gif,https://wwws.warnerbros.co.jp/anime/kamimemo/contents/hp0006/index00200000.html
https://wwws.warnerbros.co.jp/anime/kamimemo/core_sys/images/contents/00000020/block/00000063/00000122.gif,gif,https://wwws.warnerbros.co.jp/anime/kamimemo/contents/hp0006/index00200000.html
https://wwws.warnerbros.co.jp/anime/kamimemo/core_sys/images/contents/00000020/block/00000063/00000123.gif,gif,https://wwws.warnerbros.co.jp/anime/kamimemo/contents/hp0006/index00200000.html
https://wwws.warnerbros.co.jp/anime/kamimemo/core_sys/images/contents/00000020/block/00000063/00000124.gif,gif,https://wwws.warnerbros.co.jp/anime/kamimemo/contents/hp0006/index00200000.html
https://wwws.warnerbros.co.jp/anime/kamimemo/contents/hp0006/index00090000.html,page,https://wwws.warnerbros.co.jp/anime/kamimemo/contents/hp0006/index00200000.html
https://wwws.warnerbros.co.jp/anime/kamimemo/core_sys/images/contents/00000009/block/00000029/00000041.gif,gif,https://wwws.warnerbros.co.jp/anime/kamimemo/contents/hp0006/index00090000.html
https://wwws.warnerbros.co.jp/anime/kamimemo/core_sys/images/contents/00000009/block/00000030/00000042.gif,gif,https://wwws.warnerbros.co.jp/anime/kamimemo/contents/hp0006/index00090000.html
https://wwws.warnerbros.co.jp/anime/kamimemo/core_sys/images/contents/00000009/block/00000030/00000043.gif,gif,https://wwws.warnerbros.co.jp/anime/kamimemo/contents/hp0006/index00090000.html
https://wwws.warnerbros.co.jp/anime/kamimemo/core_sys/images/contents/00000009/block/00000030/00000044.gif,gif,https://wwws.warnerbros.co.jp/anime/kamimemo/contents/hp0006/index00090000.html
https://wwws.warnerbros.co.jp/anime/kamimemo/core_sys/images/contents/00000009/block/00000030/00000045.gif,gif,https://wwws.warnerbros.co.jp/anime/kamimemo/contents/hp0006/index00090000.html
https://wwws.warnerbros.co.jp/anime/kamimemo/core_sys/images/contents/00000009/block/00000030/00000046.gif,gif,https://wwws.warnerbros.co.jp/anime/kamimemo/contents/hp0006/index00090000.html
https://wwws.warnerbros.co.jp/anime/kamimemo/core_sys/images/contents/00000009/block/00000030/00000047.gif,gif,https://wwws.warnerbros.co.jp/anime/kamimemo/contents/hp0006/index00090000.html
https://wwws.warnerbros.co.jp/anime/kamimemo/contents/hp0006/index00100000.html,page,https://wwws.warnerbros.co.jp/anime/kamimemo/contents/hp0006/index00090000.html
https://wwws.warnerbros.co.jp/anime/kamimemo/core_sys/images/contents/00000010/block/00000032/00000048.gif,gif,https://wwws.warnerbros.co.jp/anime/kamimemo/contents/hp0006/index00100000.html
https://wwws.warnerbros.co.jp/anime/kamimemo/core_sys/images/contents/00000010/block/00000033/00000049.jpg,jpg,https://wwws.warnerbros.co.jp/anime/kamimemo/contents/hp0006/index00100000.html
https://wwws.warnerbros.co.jp/anime/kamimemo/core_sys/images/contents/00000010/block/00000033/00000050.jpg,jpg,https://wwws.warnerbros.co.jp/anime/kamimemo/contents/hp0006/index00100000.html
https://wwws.warnerbros.co.jp/anime/kamimemo/core_sys/images/contents/00000010/block/00000033/00000051.jpg,jpg,https://wwws.warnerbros.co.jp/anime/kamimemo/contents/hp0006/index00100000.html
https://wwws.warnerbros.co.jp/anime/kamimemo/core_sys/images/contents/00000010/block/00000033/00000052.jpg,jpg,https://wwws.warnerbros.co.jp/anime/kamimemo/contents/hp0006/index00100000.html
https://wwws.warnerbros.co.jp/anime/kamimemo/core_sys/images/contents/00000010/block/00000033/00000053.jpg,jpg,https://wwws.warnerbros.co.jp/anime/kamimemo/contents/hp0006/index00100000.html
https://wwws.warnerbros.co.jp/anime/kamimemo/core_sys/images/contents/00000010/block/00000033/00000054.jpg,jpg,https://wwws.warnerbros.co.jp/anime/kamimemo/contents/hp0006/index00100000.html
https://wwws.warnerbros.co.jp/anime/kamimemo/contents/hp0006/index00110000.html,page,https://wwws.warnerbros.co.jp/anime/kamimemo/contents/hp0006/index00100000.html
https://wwws.warnerbros.co.jp/anime/kamimemo/core_sys/images/contents/00000011/block/00000035/00000055.gif,gif,https://wwws.warnerbros.co.jp/anime/kamimemo/contents/hp0006/index00110000.html
https://wwws.warnerbros.co.jp/anime/kamimemo/core_sys/images/contents/00000011/block/00000036/00000056.jpg,jpg,https://wwws.warnerbros.co.jp/anime/kamimemo/contents/hp0006/index00110000.html
https://wwws.warnerbros.co.jp/anime/kamimemo/core_sys/images/contents/00000011/block/00000036/00000057.jpg,jpg,https://wwws.warnerbros.co.jp/anime/kamimemo/contents/hp0006/index00110000.html
https://wwws.warnerbros.co.jp/anime/kamimemo/core_sys/images/contents/00000011/block/00000036/00000058.jpg,jpg,https://wwws.warnerbros.co.jp/anime/kamimemo/contents/hp0006/index00110000.html
https://wwws.warnerbros.co.jp/anime/kamimemo/core_sys/images/contents/00000011/block/00000036/00000059.jpg,jpg,https://wwws.warnerbros.co.jp/anime/kamimemo/contents/hp0006/index00110000.html
https://wwws.warnerbros.co.jp/anime/kamimemo/core_sys/images/contents/00000011/block/00000036/00000060.jpg,jpg,https://wwws.warnerbros.co.jp/anime/kamimemo/contents/hp0006/index00110000.html
https://wwws.warnerbros.co.jp/anime/kamimemo/core_sys/images/contents/00000011/block/00000036/00000061.jpg,jpg,https://wwws.warnerbros.co.jp/anime/kamimemo/contents/hp0006/index00110000.html
https://wwws.warnerbros.co.jp/anime/kamimemo/contents/hp0006/index00120000.html,page,https://wwws.warnerbros.co.jp/anime/kamimemo/contents/hp0006/index00110000.html
https://wwws.warnerbros.co.jp/anime/kamimemo/core_sys/images/contents/00000012/block/00000038/00000062.gif,gif,https://wwws.warnerbros.co.jp/anime/kamimemo/contents/hp0006/index00120000.html
https://wwws.warnerbros.co.jp/anime/kamimemo/core_sys/images/contents/00000012/block/00000039/00000063.jpg,jpg,https://wwws.warnerbros.co.jp/anime/kamimemo/contents/hp0006/index00120000.html
https://wwws.warnerbros.co.jp/anime/kamimemo/core_sys/images/contents/00000012/block/00000039/00000064.jpg,jpg,https://wwws.warnerbros.co.jp/anime/kamimemo/contents/hp0006/index00120000.html
https://wwws.warnerbros.co.jp/anime/kamimemo/core_sys/images/contents/00000012/block/00000039/00000065.jpg,jpg,https://wwws.warnerbros.co.jp/anime/kamimemo/contents/hp0006/index00120000.html
https://wwws.warnerbros.co.jp/anime/kamimemo/core_sys/images/contents/00000012/block/00000039/00000066.jpg,jpg,https://wwws.warnerbros.co.jp/anime/kamimemo/contents/hp0006/index00120000.html
https://wwws.warnerbros.co.jp/anime/kamimemo/core_sys/images/contents/00000012/block/00000039/00000067.jpg,jpg,https://wwws.warnerbros.co.jp/anime/kamimemo/contents/hp0006/index00120000.html
https://wwws.warnerbros.co.jp/anime/kamimemo/core_sys/images/contents/00000012/block/00000039/00000068.jpg,jpg,https://wwws.warnerbros.co.jp/anime/kamimemo/contents/hp0006/index00120000.html
https://wwws.warnerbros.co.jp/anime/kamimemo/contents/hp0006/index00130000.html,page,https://wwws.warnerbros.co.jp/anime/kamimemo/contents/hp0006/index00120000.html
https://wwws.warnerbros.co.jp/anime/kamimemo/core_sys/images/contents/00000013/block/00000041/00000069.gif,gif,https://wwws.warnerbros.co.jp/anime/kamimemo/contents/hp0006/index00130000.html
https://wwws.warnerbros.co.jp/anime/kamimemo/core_sys/images/contents/00000013/block/00000042/00000070.jpg,jpg,https://wwws.warnerbros.co.jp/anime/kamimemo/contents/hp0006/index00130000.html
https://wwws.warnerbros.co.jp/anime/kamimemo/core_sys/images/contents/00000013/block/00000042/00000071.jpg,jpg,https://wwws.warnerbros.co.jp/anime/kamimemo/contents/hp0006/index00130000.html
https://wwws.warnerbros.co.jp/anime/kamimemo/core_sys/images/contents/00000013/block/00000042/00000072.jpg,jpg,https://wwws.warnerbros.co.jp/anime/kamimemo/contents/hp0006/index00130000.html
https://wwws.warnerbros.co.jp/anime/kamimemo/core_sys/images/contents/00000013/block/00000042/00000073.jpg,jpg,https://wwws.warnerbros.co.jp/anime/kamimemo/contents/hp0006/index00130000.html
https://wwws.warnerbros.co.jp/anime/kamimemo/core_sys/images/contents/00000013/block/00000042/00000074.jpg,jpg,https://wwws.warnerbros.co.jp/anime/kamimemo/contents/hp0006/index00130000.html
https://wwws.warnerbros.co.jp/anime/kamimemo/core_sys/images/contents/00000013/block/00000042/00000075.jpg,jpg,https://wwws.warnerbros.co.jp/anime/kamimemo/contents/hp0006/index00130000.html
https://wwws.warnerbros.co.jp/anime/kamimemo/contents/hp0006/index00140000.html,page,https://wwws.warnerbros.co.jp/anime/kamimemo/contents/hp0006/index00130000.html
https://wwws.warnerbros.co.jp/anime/kamimemo/core_sys/images/contents/00000014/block/00000044/00000076.gif,gif,https://wwws.warnerbros.co.jp/anime/kamimemo/contents/hp0006/index00140000.html
https://wwws.warnerbros.co.jp/anime/kamimemo/core_sys/images/contents/00000014/block/00000045/00000077.jpg,jpg,https://wwws.warnerbros.co.jp/anime/kamimemo/contents/hp0006/index00140000.html
https://wwws.warnerbros.co.jp/anime/kamimemo/core_sys/images/contents/00000014/block/00000045/00000078.jpg,jpg,https://wwws.warnerbros.co.jp/anime/kamimemo/contents/hp0006/index00140000.html
https://wwws.warnerbros.co.jp/anime/kamimemo/core_sys/images/contents/00000014/block/00000045/00000079.jpg,jpg,https://wwws.warnerbros.co.jp/anime/kamimemo/contents/hp0006/index00140000.html
https://wwws.warnerbros.co.jp/anime/kamimemo/core_sys/images/contents/00000014/block/00000045/00000080.jpg,jpg,https://wwws.warnerbros.co.jp/anime/kamimemo/contents/hp0006/index00140000.html
https://wwws.warnerbros.co.jp/anime/kamimemo/core_sys/images/contents/00000014/block/00000045/00000081.jpg,jpg,https://wwws.warnerbros.co.jp/anime/kamimemo/contents/hp0006/index00140000.html
https://wwws.warnerbros.co.jp/anime/kamimemo/core_sys/images/contents/00000014/block/00000045/00000082.jpg,jpg,https://wwws.warnerbros.co.jp/anime/kamimemo/contents/hp0006/index00140000.html
https://wwws.warnerbros.co.jp/anime/kamimemo/contents/hp0006/index00150000.html,page,https://wwws.warnerbros.co.jp/anime/kamimemo/contents/hp0006/index00140000.html
https://wwws.warnerbros.co.jp/anime/kamimemo/core_sys/images/contents/00000015/block/00000047/00000083.gif,gif,https://wwws.warnerbros.co.jp/anime/kamimemo/contents/hp0006/index00150000.html
https://wwws.warnerbros.co.jp/anime/kamimemo/core_sys/images/contents/00000015/block/00000048/00000084.jpg,jpg,https://wwws.warnerbros.co.jp/anime/kamimemo/contents/hp0006/index00150000.html
https://wwws.warnerbros.co.jp/anime/kamimemo/core_sys/images/contents/00000015/block/00000048/00000085.jpg,jpg,https://wwws.warnerbros.co.jp/anime/kamimemo/contents/hp0006/index00150000.html
https://wwws.warnerbros.co.jp/anime/kamimemo/core_sys/images/contents/00000015/block/00000048/00000086.jpg,jpg,https://wwws.warnerbros.co.jp/anime/kamimemo/contents/hp0006/index00150000.html
https://wwws.warnerbros.co.jp/anime/kamimemo/core_sys/images/contents/00000015/block/00000048/00000087.jpg,jpg,https://wwws.warnerbros.co.jp/anime/kamimemo/contents/hp0006/index00150000.html
https://wwws.warnerbros.co.jp/anime/kamimemo/core_sys/images/contents/00000015/block/00000048/00000088.jpg,jpg,https://wwws.warnerbros.co.jp/anime/kamimemo/contents/hp0006/index00150000.html
https://wwws.warnerbros.co.jp/anime/kamimemo/core_sys/images/contents/00000015/block/00000048/00000089.jpg,jpg,https://wwws.warnerbros.co.jp/anime/kamimemo/contents/hp0006/index00150000.html
https://wwws.warnerbros.co.jp/anime/kamimemo/contents/hp0006/index00160000.html,page,https://wwws.warnerbros.co.jp/anime/kamimemo/contents/hp0006/index00150000.html
https://wwws.warnerbros.co.jp/anime/kamimemo/core_sys/images/contents/00000016/block/00000050/00000090.gif,gif,https://wwws.warnerbros.co.jp/anime/kamimemo/contents/hp0006/index00160000.html
https://wwws.warnerbros.co.jp/anime/kamimemo/core_sys/images/contents/00000016/block/00000051/00000091.jpg,jpg,https://wwws.warnerbros.co.jp/anime/kamimemo/contents/hp0006/index00160000.html
https://wwws.warnerbros.co.jp/anime/kamimemo/core_sys/images/contents/00000016/block/00000051/00000092.jpg,jpg,https://wwws.warnerbros.co.jp/anime/kamimemo/contents/hp0006/index00160000.html
https://wwws.warnerbros.co.jp/anime/kamimemo/core_sys/images/contents/00000016/block/00000051/00000093.jpg,jpg,https://wwws.warnerbros.co.jp/anime/kamimemo/contents/hp0006/index00160000.html
https://wwws.warnerbros.co.jp/anime/kamimemo/core_sys/images/contents/00000016/block/00000051/00000094.jpg,jpg,https://wwws.warnerbros.co.jp/anime/kamimemo/contents/hp0006/index00160000.html
https://wwws.warnerbros.co.jp/anime/kamimemo/core_sys/images/contents/00000016/block/00000051/00000095.jpg,jpg,https://wwws.warnerbros.co.jp/anime/kamimemo/contents/hp0006/index00160000.html
https://wwws.warnerbros.co.jp/anime/kamimemo/core_sys/images/contents/00000016/block/00000051/00000096.jpg,jpg,https://wwws.warnerbros.co.jp/anime/kamimemo/contents/hp0006/index00160000.html
https://wwws.warnerbros.co.jp/anime/kamimemo/contents/hp0006/index00170000.html,page,https://wwws.warnerbros.co.jp/anime/kamimemo/contents/hp0006/index00160000.html
https://wwws.warnerbros.co.jp/anime/kamimemo/core_sys/images/contents/00000017/block/00000053/00000097.gif,gif,https://wwws.warnerbros.co.jp/anime/kamimemo/contents/hp0006/index00170000.html
https://wwws.warnerbros.co.jp/anime/kamimemo/core_sys/images/contents/00000017/block/00000054/00000098.jpg,jpg,https://wwws.warnerbros.co.jp/anime/kamimemo/contents/hp0006/index00170000.html
https://wwws.warnerbros.co.jp/anime/kamimemo/core_sys/images/contents/00000017/block/00000054/00000099.jpg,jpg,https://wwws.warnerbros.co.jp/anime/kamimemo/contents/hp0006/index00170000.html
https://wwws.warnerbros.co.jp/anime/kamimemo/core_sys/images/contents/00000017/block/00000054/00000100.jpg,jpg,https://wwws.warnerbros.co.jp/anime/kamimemo/contents/hp0006/index00170000.html
https://wwws.warnerbros.co.jp/anime/kamimemo/core_sys/images/contents/00000017/block/00000054/00000101.jpg,jpg,https://wwws.warnerbros.co.jp/anime/kamimemo/contents/hp0006/index00170000.html
https://wwws.warnerbros.co.jp/anime/kamimemo/core_sys/images/contents/00000017/block/00000054/00000102.jpg,jpg,https://wwws.warnerbros.co.jp/anime/kamimemo/contents/hp0006/index00170000.html
https://wwws.warnerbros.co.jp/anime/kamimemo/core_sys/images/contents/00000017/block/00000054/00000103.jpg,jpg,https://wwws.warnerbros.co.jp/anime/kamimemo/contents/hp0006/index00170000.html
https://wwws.warnerbros.co.jp/anime/kamimemo/contents/hp0006/index00180000.html,page,https://wwws.warnerbros.co.jp/anime/kamimemo/contents/hp0006/index00170000.html
https://wwws.warnerbros.co.jp/anime/kamimemo/core_sys/images/contents/00000018/block/00000056/00000104.gif,gif,https://wwws.warnerbros.co.jp/anime/kamimemo/contents/hp0006/index00180000.html
https://wwws.warnerbros.co.jp/anime/kamimemo/core_sys/images/contents/00000018/block/00000057/00000105.gif,gif,https://wwws.warnerbros.co.jp/anime/kamimemo/contents/hp0006/index00180000.html
https://wwws.warnerbros.co.jp/anime/kamimemo/core_sys/images/contents/00000018/block/00000057/00000106.gif,gif,https://wwws.warnerbros.co.jp/anime/kamimemo/contents/hp0006/index00180000.html
https://wwws.warnerbros.co.jp/anime/kamimemo/core_sys/images/contents/00000018/block/00000057/00000107.gif,gif,https://wwws.warnerbros.co.jp/anime/kamimemo/contents/hp0006/index00180000.html
https://wwws.warnerbros.co.jp/anime/kamimemo/core_sys/images/contents/00000018/block/00000057/00000108.gif,gif,https://wwws.warnerbros.co.jp/anime/kamimemo/contents/hp0006/index00180000.html
https://wwws.warnerbros.co.jp/anime/kamimemo/core_sys/images/contents/00000018/block/00000057/00000109.gif,gif,https://wwws.warnerbros.co.jp/anime/kamimemo/contents/hp0006/index00180000.html
https://wwws.warnerbros.co.jp/anime/kamimemo/core_sys/images/contents/00000018/block/00000057/00000110.gif,gif,https://wwws.warnerbros.co.jp/anime/kamimemo/contents/hp0006/index00180000.html
https://wwws.warnerbros.co.jp/anime/kamimemo/contents/hp0006/index00190000.html,page,https://wwws.warnerbros.co.jp/anime/kamimemo/contents/hp0006/index00180000.html
https://wwws.warnerbros.co.jp/anime/kamimemo/core_sys/images/contents/00000019/block/00000059/00000111.gif,gif,https://wwws.warnerbros.co.jp/anime/kamimemo/contents/hp0006/index00190000.html
https://wwws.warnerbros.co.jp/anime/kamimemo/core_sys/images/contents/00000019/block/00000060/00000112.jpg,jpg,https://wwws.warnerbros.co.jp/anime/kamimemo/contents/hp0006/index00190000.html
https://wwws.warnerbros.co.jp/anime/kamimemo/core_sys/images/contents/00000019/block/00000060/00000113.jpg,jpg,https://wwws.warnerbros.co.jp/anime/kamimemo/contents/hp0006/index00190000.html
https://wwws.warnerbros.co.jp/anime/kamimemo/core_sys/images/contents/00000019/block/00000060/00000114.jpg,jpg,https://wwws.warnerbros.co.jp/anime/kamimemo/contents/hp0006/index00190000.html
https://wwws.warnerbros.co.jp/anime/kamimemo/core_sys/images/contents/00000019/block/00000060/00000115.jpg,jpg,https://wwws.warnerbros.co.jp/anime/kamimemo/contents/hp0006/index00190000.html
https://wwws.warnerbros.co.jp/anime/kamimemo/core_sys/images/contents/00000019/block/00000060/00000116.jpg,jpg,https://wwws.warnerbros.co.jp/anime/kamimemo/contents/hp0006/index00190000.html
https://wwws.warnerbros.co.jp/anime/kamimemo/core_sys/images/contents/00000019/block/00000060/00000117.jpg,jpg,https://wwws.warnerbros.co.jp/anime/kamimemo/contents/hp0006/index00190000.html
https://wwws.warnerbros.co.jp/anime/kamimemo/contents/hp0009/index00010000.html,page,https://wwws.warnerbros.co.jp/anime/kamimemo/contents/hp0006/index00190000.html
https://wwws.warnerbros.co.jp/anime/kamimemo/core_sys/images/main/contents/h2_5.gif,gif,https://wwws.warnerbros.co.jp/anime/kamimemo/contents/hp0009/index00010000.html
https://wwws.warnerbros.co.jp/anime/kamimemo/core_sys/images/main/contents/h2_bd.gif,gif,https://wwws.warnerbros.co.jp/anime/kamimemo/contents/hp0009/index00010000.html
https://wwws.warnerbros.co.jp/anime/kamimemo/core_sys/images/contents/00000001/block/00000079/00000142.jpg,jpg,https://wwws.warnerbros.co.jp/anime/kamimemo/contents/hp0009/index00010000.html
https://wwws.warnerbros.co.jp/anime/kamimemo/core_sys/images/contents/00000001/block/00000078/00000141.jpg,jpg,https://wwws.warnerbros.co.jp/anime/kamimemo/contents/hp0009/index00010000.html
https://wwws.warnerbros.co.jp/anime/kamimemo/core_sys/images/contents/00000001/block/00000077/00000140.jpg,jpg,https://wwws.warnerbros.co.jp/anime/kamimemo/contents/hp0009/index00010000.html
https://wwws.warnerbros.co.jp/anime/kamimemo/core_sys/images/contents/00000001/block/00000074/00000137.gif,gif,https://wwws.warnerbros.co.jp/anime/kamimemo/contents/hp0009/index00010000.html
https://wwws.warnerbros.co.jp/anime/kamimemo/core_sys/images/contents/00000001/block/00000072/00000135.gif,gif,https://wwws.warnerbros.co.jp/anime/kamimemo/contents/hp0009/index00010000.html
https://wwws.warnerbros.co.jp/anime/kamimemo/core_sys/images/contents/00000001/block/00000028/00000040.jpg,jpg,https://wwws.warnerbros.co.jp/anime/kamimemo/contents/hp0009/index00010000.html
https://wwws.warnerbros.co.jp/anime/kamimemo/core_sys/css/import/contents/001/set.css,css,https://wwws.warnerbros.co.jp/anime/kamimemo/contents/hp0009/index00010000.html
https://wwws.warnerbros.co.jp/anime/kamimemo/core_sys/css/import/contents/001/dez_pt.css,css,https://wwws.warnerbros.co.jp/anime/kamimemo/contents/hp0009/index00010000.html
https://wwws.warnerbros.co.jp/anime/kamimemo/core_sys/css/import/contents/001/unit.css,css,https://wwws.warnerbros.co.jp/anime/kamimemo/contents/hp0009/index00010000.html
https://wwws.warnerbros.co.jp/anime/kamimemo/contents/hp0010/index00030000.html,page,https://wwws.warnerbros.co.jp/anime/kamimemo/contents/hp0009/index00010000.html
https://wwws.warnerbros.co.jp/anime/kamimemo/core_sys/images/main/contents/h2_cd.gif,gif,https://wwws.warnerbros.co.jp/anime/kamimemo/contents/hp0010/index00030000.html
https://wwws.warnerbros.co.jp/anime/kamimemo/core_sys/images/contents/00000003/block/00000076/00000139.jpg,jpg,https://wwws.warnerbros.co.jp/anime/kamimemo/contents/hp0010/index00030000.html
https://wwws.warnerbros.co.jp/anime/kamimemo/core_sys/images/contents/00000003/block/00000068/00000131.jpg,jpg,https://wwws.warnerbros.co.jp/anime/kamimemo/contents/hp0010/index00030000.html
https://wwws.warnerbros.co.jp/anime/kamimemo/core_sys/images/contents/00000003/block/00000075/sn_00000138.jpg,jpg,https://wwws.warnerbros.co.jp/anime/kamimemo/contents/hp0010/index00030000.html
https://wwws.warnerbros.co.jp/anime/kamimemo/core_sys/images/contents/00000003/block/00000070/00000133.gif,gif,https://wwws.warnerbros.co.jp/anime/kamimemo/contents/hp0010/index00030000.html
https://wwws.warnerbros.co.jp/anime/kamimemo/core_sys/images/contents/00000003/block/00000069/00000132.jpg,jpg,https://wwws.warnerbros.co.jp/anime/kamimemo/contents/hp0010/index00030000.html
https://wwws.warnerbros.co.jp/anime/kamimemo/core_sys/images/contents/00000003/block/00000004/sn_00000037.jpg,jpg,https://wwws.warnerbros.co.jp/anime/kamimemo/contents/hp0010/index00030000.html
https://wwws.warnerbros.co.jp/anime/kamimemo/core_sys/images/contents/00000003/block/00000018/sn_00000038.gif,gif,https://wwws.warnerbros.co.jp/anime/kamimemo/contents/hp0010/index00030000.html
https://wwws.warnerbros.co.jp/anime/kamimemo/core_sys/images/contents/00000003/block/00000018/sn_00000127.gif,gif,https://wwws.warnerbros.co.jp/anime/kamimemo/contents/hp0010/index00030000.html
https://wwws.warnerbros.co.jp/anime/kamimemo/core_sys/images/contents/00000003/block/00000018/sn_00000129.gif,gif,https://wwws.warnerbros.co.jp/anime/kamimemo/contents/hp0010/index00030000.html
https://wwws.warnerbros.co.jp/anime/kamimemo/core_sys/images/contents/00000003/block/00000018/sn_00000028.jpg,jpg,https://wwws.warnerbros.co.jp/anime/kamimemo/contents/hp0010/index00030000.html
https://wwws.warnerbros.co.jp/anime/kamimemo/contents/hp0011/index00040000.html,page,https://wwws.warnerbros.co.jp/anime/kamimemo/contents/hp0010/index00030000.html
https://wwws.warnerbros.co.jp/anime/kamimemo/core_sys/images/main/contents/h2_book.gif,gif,https://wwws.warnerbros.co.jp/anime/kamimemo/contents/hp0011/index00040000.html
https://wwws.warnerbros.co.jp/anime/kamimemo/core_sys/images/contents/00000004/block/00000025/00000035.jpg,jpg,https://wwws.warnerbros.co.jp/anime/kamimemo/contents/hp0011/index00040000.html
https://wwws.warnerbros.co.jp/anime/kamimemo/core_sys/images/contents/00000004/block/00000071/00000134.jpg,jpg,https://wwws.warnerbros.co.jp/anime/kamimemo/contents/hp0011/index00040000.html
https://wwws.warnerbros.co.jp/anime/kamimemo/core_sys/images/contents/00000004/block/00000027/00000039.jpg,jpg,https://wwws.warnerbros.co.jp/anime/kamimemo/contents/hp0011/index00040000.html
https://wwws.warnerbros.co.jp/anime/kamimemo/core_sys/images/contents/00000004/block/00000024/00000034.jpg,jpg,https://wwws.warnerbros.co.jp/anime/kamimemo/contents/hp0011/index00040000.html
https://wwws.warnerbros.co.jp/anime/kamimemo/core_sys/images/contents/00000004/block/00000023/00000033.jpg,jpg,https://wwws.warnerbros.co.jp/anime/kamimemo/contents/hp0011/index00040000.html
https://wwws.warnerbros.co.jp/anime/kamimemo/core_sys/images/contents/00000004/block/00000022/00000032.jpg,jpg,https://wwws.warnerbros.co.jp/anime/kamimemo/contents/hp0011/index00040000.html
https://wwws.warnerbros.co.jp/anime/kamimemo/core_sys/images/contents/00000004/block/00000021/00000031.jpg,jpg,https://wwws.warnerbros.co.jp/anime/kamimemo/contents/hp0011/index00040000.html
https://wwws.warnerbros.co.jp/anime/kamimemo/core_sys/images/contents/00000004/block/00000020/00000030.jpg,jpg,https://wwws.warnerbros.co.jp/anime/kamimemo/contents/hp0011/index00040000.html
https://wwws.warnerbros.co.jp/anime/kamimemo/core_sys/images/contents/00000004/block/00000019/00000029.jpg,jpg,https://wwws.warnerbros.co.jp/anime/kamimemo/contents/hp0011/index00040000.html
https://wwws.warnerbros.co.jp/anime/kamimemo/core_sys/images/contents/00000004/block/00000026/00000036.jpg,jpg,https://wwws.warnerbros.co.jp/anime/kamimemo/contents/hp0011/index00040000.html
https://wwws.warnerbros.co.jp/anime/kamimemo/core_sys/images/contents/00000004/block/00000006/00000012.gif,gif,https://wwws.warnerbros.co.jp/anime/kamimemo/contents/hp0011/index00040000.html
https://wwws.warnerbros.co.jp/anime/kamimemo/core_sys/images/contents/00000004/block/00000073/00000136.jpg,jpg,https://wwws.warnerbros.co.jp/anime/kamimemo/contents/hp0011/index00040000.html
https://wwws.warnerbros.co.jp/anime/kamimemo/radio,page,https://wwws.warnerbros.co.jp/anime/kamimemo/contents/hp0011/index00040000.html
https://wwws.warnerbros.co.jp/anime/core_sys/images/header/head_logo02.jpg,jpg,https://wwws.warnerbros.co.jp/anime/kamimemo/radio
https://wwws.warnerbros.co.jp/anime/core_sys/images/main/contents/h2_7.jpg,jpg,https://wwws.warnerbros.co.jp/anime/kamimemo/radio
https://wwws.warnerbros.co.jp/anime/core_sys/images/main/contents/radio/navigator.jpg,jpg,https://wwws.warnerbros.co.jp/anime/kamimemo/radio
https://wwws.warnerbros.co.jp/anime/core_sys/images/main/contents/radio/ttl2_radio.gif,gif,https://wwws.warnerbros.co.jp/anime/kamimemo/radio
https://wwws.warnerbros.co.jp/anime/core_sys/images/main/contents/radio/bt_shityo_32_off.gif,gif,https://wwws.warnerbros.co.jp/anime/kamimemo/radio
https://wwws.warnerbros.co.jp/anime/core_sys/images/main/contents/radio/bt_shityo_64_off.gif,gif,https://wwws.warnerbros.co.jp/anime/kamimemo/radio
https://wwws.warnerbros.co.jp/anime/core_sys/images/main/contents/radio/oa_end.gif,gif,https://wwws.warnerbros.co.jp/anime/kamimemo/radio
https://wwws.warnerbros.co.jp/anime/core_sys/images/banner/00000001.jpg,jpg,https://wwws.warnerbros.co.jp/anime/kamimemo/radio
https://wwws.warnerbros.co.jp/anime/core_sys/js/common.js,js,https://wwws.warnerbros.co.jp/anime/kamimemo/radio
https://wwws.warnerbros.co.jp/anime/core_sys/js/user.js,js,https://wwws.warnerbros.co.jp/anime/kamimemo/radio
https://wwws.warnerbros.co.jp/anime/core_sys/images/main/contents/radio/smartRollover.js,js,https://wwws.warnerbros.co.jp/anime/kamimemo/radio
https://wwws.warnerbros.co.jp/anime/core_sys/css/import/contents/003/set.css,css,https://wwws.warnerbros.co.jp/anime/kamimemo/radio
https://wwws.warnerbros.co.jp/anime/core_sys/css/import/contents/003/dez_pt.css,css,https://wwws.warnerbros.co.jp/anime/kamimemo/radio
https://wwws.warnerbros.co.jp/anime/core_sys/css/import/contents/003/unit.css,css,https://wwws.warnerbros.co.jp/anime/kamimemo/radio
https://wwws.warnerbros.co.jp/anime/core_sys/css/fsc/fss.css,css,https://wwws.warnerbros.co.jp/anime/kamimemo/radio
https://wwws.warnerbros.co.jp/anime/core_sys/css/fsc/fsm.css,css,https://wwws.warnerbros.co.jp/anime/kamimemo/radio
https://wwws.warnerbros.co.jp/anime/core_sys/css/fsc/fsl.css,css,https://wwws.warnerbros.co.jp/anime/kamimemo/radio
https://wwws.warnerbros.co.jp/anime,page,https://wwws.warnerbros.co.jp/anime/kamimemo/radio
https://wwws.warnerbros.co.jp/anime/core_sys/images/others/radio/120119l.asx,asx,https://wwws.warnerbros.co.jp/anime/kamimemo/radio
https://wwws.warnerbros.co.jp/anime/core_sys/images/others/radio/120119h.asx,asx,https://wwws.warnerbros.co.jp/anime/kamimemo/radio
https://wwws.warnerbros.co.jp/anime/news/hp0001/list00020000.html,page,https://wwws.warnerbros.co.jp/anime/kamimemo/radio
https://wwws.warnerbros.co.jp/anime/contents/hp0003/index00060000.html,page,https://wwws.warnerbros.co.jp/anime/kamimemo/radio
https://wwws.warnerbros.co.jp/anime/contents/hp0004/index00080000.html,page,https://wwws.warnerbros.co.jp/anime/kamimemo/radio
https://wwws.warnerbros.co.jp/anime/contents/hp0005/index00070000.html,page,https://wwws.warnerbros.co.jp/anime/kamimemo/radio
https://wwws.warnerbros.co.jp/anime/contents/hp0006/list00000000.html,page,https://wwws.warnerbros.co.jp/anime/kamimemo/radio
https://wwws.warnerbros.co.jp/anime/contents/hp0009/index00010000.html,page,https://wwws.warnerbros.co.jp/anime/kamimemo/radio
https://wwws.warnerbros.co.jp/anime/radio,page,https://wwws.warnerbros.co.jp/anime/kamimemo/radio
https://wwws.warnerbros.co.jp/anime/kamimemo/void(0);,page,https://wwws.warnerbros.co.jp/anime/kamimemo/radio
https://wwws.warnerbros.co.jp/anime/kamimemo/contents/hp0011/void(0);,page,https://wwws.warnerbros.co.jp/anime/kamimemo/contents/hp0011/index00040000.html
https://wwws.warnerbros.co.jp/anime/kamimemo/contents/hp0010/void(0);,page,https://wwws.warnerbros.co.jp/anime/kamimemo/contents/hp0010/index00030000.html
https://wwws.warnerbros.co.jp/anime/kamimemo/contents/hp0009/void(0);,page,https://wwws.warnerbros.co.jp/anime/kamimemo/contents/hp0009/index00010000.html
https://wwws.warnerbros.co.jp/anime/kamimemo/contents/hp0006/void(0);,page,https://wwws.warnerbros.co.jp/anime/kamimemo/contents/hp0006/index00190000.html
https://wwws.warnerbros.co.jp/anime/kamimemo/contents/hp0005/void(0);,page,https://wwws.warnerbros.co.jp/anime/kamimemo/contents/hp0005/index00070000.html
https://wwws.warnerbros.co.jp/anime/kamimemo/contents/hp0004/void(0);,page,https://wwws.warnerbros.co.jp/anime/kamimemo/contents/hp0004/index00080010.html
https://wwws.warnerbros.co.jp/anime/kamimemo/contents/hp0003/void(0);,page,https://wwws.warnerbros.co.jp/anime/kamimemo/contents/hp0003/index00060000.html
https://wwws.warnerbros.co.jp/anime/kamimemo/news/hp0001/void(0);,page,https://wwws.warnerbros.co.jp/anime/kamimemo/news/hp0001/index00050000.html
https://wwws.warnerbros.co.jp/anime/kamimemo/news/hp0001/index00040000.html,page,https://wwws.warnerbros.co.jp/anime/kamimemo/news/hp0001/list00020002.html
https://wwws.warnerbros.co.jp/anime/kamimemo/news/hp0001/index00030000.html,page,https://wwws.warnerbros.co.jp/anime/kamimemo/news/hp0001/list00020002.html
https://wwws.warnerbros.co.jp/anime/kamimemo/core_sys/images/news/00000003/base/sn_001.jpg,jpg,https://wwws.warnerbros.co.jp/anime/kamimemo/news/hp0001/index00030000.html
http://dengekibunko.dengeki.com/new/dmagazine_new.php,page,https://wwws.warnerbros.co.jp/anime/kamimemo/news/hp0001/index00030000.html
https://wwws.warnerbros.co.jp/anime/kamimemo/news/hp0001/index00020000.html,page,https://wwws.warnerbros.co.jp/anime/kamimemo/news/hp0001/list00020002.html
https://wwws.warnerbros.co.jp/anime/kamimemo/news/hp0001/index00010000.html,page,https://wwws.warnerbros.co.jp/anime/kamimemo/news/hp0001/list00020002.html
https://wwws.warnerbros.co.jp/anime/kamimemo/news/hp0001/index00250000.html,page,https://wwws.warnerbros.co.jp/anime/kamimemo/news/hp0001/list00020001.html
https://wwws.warnerbros.co.jp/anime/kamimemo/news/hp0001/index00270000.html,page,https://wwws.warnerbros.co.jp/anime/kamimemo/news/hp0001/list00020001.html
https://wwws.warnerbros.co.jp/anime/kamimemo/core_sys/images/news/00000027/base/001.jpg,jpg,https://wwws.warnerbros.co.jp/anime/kamimemo/news/hp0001/index00270000.html
http://asciimw.jp/elem/000/000/028/28917,page,https://wwws.warnerbros.co.jp/anime/kamimemo/news/hp0001/index00270000.html
https://wwws.warnerbros.co.jp/anime/kamimemo/news/hp0001/index00240000.html,page,https://wwws.warnerbros.co.jp/anime/kamimemo/news/hp0001/list00020001.html
https://wwws.warnerbros.co.jp/anime/kamimemo/core_sys/images/news/00000024/base/sn_001.jpg,jpg,https://wwws.warnerbros.co.jp/anime/kamimemo/news/hp0001/index00240000.html
https://wwws.warnerbros.co.jp/anime/kamimemo/news/hp0001/index00220000.html,page,https://wwws.warnerbros.co.jp/anime/kamimemo/news/hp0001/list00020001.html
https://wwws.warnerbros.co.jp/anime/kamimemo/news/hp0001/index00200000.html,page,https://wwws.warnerbros.co.jp/anime/kamimemo/news/hp0001/list00020001.html
https://wwws.warnerbros.co.jp/anime/kamimemo/news/hp0001/index00190000.html,page,https://wwws.warnerbros.co.jp/anime/kamimemo/news/hp0001/list00020001.html
https://wwws.warnerbros.co.jp/anime/kamimemo/core_sys/images/news/00000019/base/sn_001.jpg,jpg,https://wwws.warnerbros.co.jp/anime/kamimemo/news/hp0001/index00190000.html
http://www.kamimemo.com/contents/hp0010/index00030000.html,page,https://wwws.warnerbros.co.jp/anime/kamimemo/news/hp0001/index00190000.html
https://wwws.warnerbros.co.jp/anime/kamimemo/news/hp0001/index00160000.html,page,https://wwws.warnerbros.co.jp/anime/kamimemo/news/hp0001/list00020001.html
http://www.youtube.com/embed/reWznZ3rf3w,page,https://wwws.warnerbros.co.jp/anime/kamimemo/news/hp0001/index00160000.html
https://wwws.warnerbros.co.jp/anime/kamimemo/news/hp0001/index00070000.html,page,https://wwws.warnerbros.co.jp/anime/kamimemo/news/hp0001/list00020001.html
https://wwws.warnerbros.co.jp/anime/kamimemo/news/hp0001/index00100000.html,page,https://wwws.warnerbros.co.jp/anime/kamimemo/news/hp0001/list00020001.html
https://wwws.warnerbros.co.jp/anime/kamimemo/core_sys/images/news/00000010/block/00000010/00000007.gif,gif,https://wwws.warnerbros.co.jp/anime/kamimemo/news/hp0001/index00100000.html
http://www.kamimemo.com,page,https://wwws.warnerbros.co.jp/anime/kamimemo/news/hp0001/index00100000.html
https://wwws.warnerbros.co.jp/anime/kamimemo/news/hp0001/index00090000.html,page,https://wwws.warnerbros.co.jp/anime/kamimemo/news/hp0001/list00020001.html
https://wwws.warnerbros.co.jp/anime/kamimemo/news/hp0001/index00080000.html,page,https://wwws.warnerbros.co.jp/anime/kamimemo/news/hp0001/list00020001.html
https://wwws.warnerbros.co.jp/anime/kamimemo/core_sys/images/news/00000008/block/00000005/00000001.jpg,jpg,https://wwws.warnerbros.co.jp/anime/kamimemo/news/hp0001/index00080000.html
https://wwws.warnerbros.co.jp/anime/kamimemo/core_sys/images/news/00000008/block/00000006/00000002.jpg,jpg,https://wwws.warnerbros.co.jp/anime/kamimemo/news/hp0001/index00080000.html
https://wwws.warnerbros.co.jp/anime/kamimemo/core_sys/images/news/00000008/block/00000007/00000003.jpg,jpg,https://wwws.warnerbros.co.jp/anime/kamimemo/news/hp0001/index00080000.html
https://wwws.warnerbros.co.jp/anime/kamimemo/news/hp0001/index00060000.html,page,https://wwws.warnerbros.co.jp/anime/kamimemo/news/hp0001/list00020001.html
http://www.youtube.com/embed/2jzJDRgWN8g,page,https://wwws.warnerbros.co.jp/anime/kamimemo/news/hp0001/index00060000.html
https://wwws.warnerbros.co.jp/anime/kamimemo/news/hp0001/index00480000.html,page,https://wwws.warnerbros.co.jp/anime/kamimemo/news/hp0001/list00020000.html
https://wwws.warnerbros.co.jp/anime/kamimemo/core_sys/images/news/00000048/base/001.jpg,jpg,https://wwws.warnerbros.co.jp/anime/kamimemo/news/hp0001/index00480000.html
https://wwws.warnerbros.co.jp/anime/kamimemo/news/hp0001/index00440000.html,page,https://wwws.warnerbros.co.jp/anime/kamimemo/news/hp0001/list00020000.html
http://www.animate.co.jp/event/event_e20111204_2,page,https://wwws.warnerbros.co.jp/anime/kamimemo/news/hp0001/index00440000.html
https://wwws.warnerbros.co.jp/anime/kamimemo/news/hp0001/index00410000.html,page,https://wwws.warnerbros.co.jp/anime/kamimemo/news/hp0001/list00020000.html
https://wwws.warnerbros.co.jp/anime/kamimemo/core_sys/images/news/00000041/base/sn_001.gif,gif,https://wwws.warnerbros.co.jp/anime/kamimemo/news/hp0001/index00410000.html
http://www.showtime.jp/genre/animation,page,https://wwws.warnerbros.co.jp/anime/kamimemo/news/hp0001/index00410000.html
http://www.showtime.jp/genre/animation/kami3anime,page,https://wwws.warnerbros.co.jp/anime/kamimemo/news/hp0001/index00410000.html
http://ch.nicovideo.jp/channel/kamikamikami,page,https://wwws.warnerbros.co.jp/anime/kamimemo/news/hp0001/index00410000.html
https://wwws.warnerbros.co.jp/anime/kamimemo/news/hp0001/index00340000.html,page,https://wwws.warnerbros.co.jp/anime/kamimemo/news/hp0001/list00020000.html
https://wwws.warnerbros.co.jp/anime/kamimemo/news/hp0001/index00390000.html,page,https://wwws.warnerbros.co.jp/anime/kamimemo/news/hp0001/list00020000.html
https://wwws.warnerbros.co.jp/anime/kamimemo/core_sys/images/news/00000039/base/001.gif,gif,https://wwws.warnerbros.co.jp/anime/kamimemo/news/hp0001/index00390000.html
https://wwws.warnerbros.co.jp/anime/kamimemo/news/hp0001/index00360000.html,page,https://wwws.warnerbros.co.jp/anime/kamimemo/news/hp0001/list00020000.html
http://www.at-x.com,page,https://wwws.warnerbros.co.jp/anime/kamimemo/news/hp0001/index00360000.html
https://wwws.warnerbros.co.jp/anime/kamimemo/news/hp0001/index00330000.html,page,https://wwws.warnerbros.co.jp/anime/kamimemo/news/hp0001/list00020000.html
https://wwws.warnerbros.co.jp/anime/kamimemo/news/hp0001/index00310000.html,page,https://wwws.warnerbros.co.jp/anime/kamimemo/news/hp0001/list00020000.html
https://wwws.warnerbros.co.jp/anime/kamimemo/news/hp0001/index00290000.html,page,https://wwws.warnerbros.co.jp/anime/kamimemo/news/hp0001/list00020000.html
https://twitter.com/alice_kamimemo,page,https://wwws.warnerbros.co.jp/anime/kamimemo/
https://wwws.warnerbros.co.jp/anime/kamimemo/core_sys/images/main/contents/h2_7.jpg,jpg,https://wwws.warnerbros.co.jp/anime/kamimemo/radio/index.html
https://wwws.warnerbros.co.jp/anime/kamimemo/core_sys/images/main/contents/radio/navigator.jpg,jpg,https://wwws.warnerbros.co.jp/anime/kamimemo/radio/index.html
https://wwws.warnerbros.co.jp/anime/kamimemo/core_sys/images/main/contents/radio/ttl2_radio.gif,gif,https://wwws.warnerbros.co.jp/anime/kamimemo/radio/index.html
https://wwws.warnerbros.co.jp/anime/kamimemo/core_sys/images/main/contents/radio/bt_shityo_32_off.gif,gif,https://wwws.warnerbros.co.jp/anime/kamimemo/radio/index.html
https://wwws.warnerbros.co.jp/anime/kamimemo/core_sys/images/main/contents/radio/bt_shityo_64_off.gif,gif,https://wwws.warnerbros.co.jp/anime/kamimemo/radio/index.html
https://wwws.warnerbros.co.jp/anime/kamimemo/core_sys/images/main/contents/radio/oa_end.gif,gif,https://wwws.warnerbros.co.jp/anime/kamimemo/radio/index.html
https://wwws.warnerbros.co.jp/anime/kamimemo/core_sys/images/main/contents/radio/smartRollover.js,js,https://wwws.warnerbros.co.jp/anime/kamimemo/radio/index.html
https://wwws.warnerbros.co.jp/anime/kamimemo/core_sys/css/import/contents/003/set.css,css,https://wwws.warnerbros.co.jp/anime/kamimemo/radio/index.html
https://wwws.warnerbros.co.jp/anime/kamimemo/core_sys/css/import/contents/003/dez_pt.css,css,https://wwws.warnerbros.co.jp/anime/kamimemo/radio/index.html
https://wwws.warnerbros.co.jp/anime/kamimemo/core_sys/css/import/contents/003/unit.css,css,https://wwws.warnerbros.co.jp/anime/kamimemo/radio/index.html
https://wwws.warnerbros.co.jp/anime/kamimemo/core_sys/images/others/radio/120119l.asx,asx,https://wwws.warnerbros.co.jp/anime/kamimemo/radio/index.html
https://wwws.warnerbros.co.jp/anime/kamimemo/core_sys/images/others/radio/120119h.asx,asx,https://wwws.warnerbros.co.jp/anime/kamimemo/radio/index.html
https://wwws.warnerbros.co.jp/anime/kamimemo/radio/void(0);,page,https://wwws.warnerbros.co.jp/anime/kamimemo/radio/index.html