url,type,source_file
core_sys/images/banner/00000001.jpg%3F1484183770,jpg,index.html
../../core_sys/images/contents/00000001/block/00000079/00000142.jpg%3F1484183772,jpg,contents/hp0009/index00010000.html
../../core_sys/images/contents/00000001/block/00000078/00000141.jpg%3F1484183772,jpg,contents/hp0009/index00010000.html
../../core_sys/images/contents/00000001/block/00000077/00000140.jpg%3F1484183772,jpg,contents/hp0009/index00010000.html
../../core_sys/images/contents/00000001/block/00000028/00000040.jpg%3F1484183772,jpg,contents/hp0009/index00010000.html
../../core_sys/images/contents/00000001/block/00000074/00000137.gif%3F1484183772,gif,contents/hp0009/index00010000.html
../../core_sys/images/contents/00000001/block/00000072/00000135.gif%3F1484183772,gif,contents/hp0009/index00010000.html
>,gif,contents/hp0009/index00010000.html
../../core_sys/images/contents/00000011/block/00000036/00000056.jpg%3F1484183775,jpg,contents/hp0006/index00110000.html
../../core_sys/images/contents/00000011/block/00000036/00000057.jpg%3F1484183775,jpg,contents/hp0006/index00110000.html
../../core_sys/images/contents/00000011/block/00000036/00000058.jpg%3F1484183775,jpg,contents/hp0006/index00110000.html
../../core_sys/images/contents/00000011/block/00000036/00000059.jpg%3F1484183775,jpg,contents/hp0006/index00110000.html
../../core_sys/images/contents/00000011/block/00000036/00000060.jpg%3F1484183775,jpg,contents/hp0006/index00110000.html
../../core_sys/images/contents/00000011/block/00000036/00000061.jpg%3F1484183775,jpg,contents/hp0006/index00110000.html
../../core_sys/images/contents/00000011/block/00000035/00000055.gif%3F1484183775,gif,contents/hp0006/index00110000.html
../../core_sys/images/contents/00000010/block/00000033/00000049.jpg%3F1484183775,jpg,contents/hp0006/index00100000.html
../../core_sys/images/contents/00000010/block/00000033/00000050.jpg%3F1484183775,jpg,contents/hp0006/index00100000.html
../../core_sys/images/contents/00000010/block/00000033/00000051.jpg%3F1484183775,jpg,contents/hp0006/index00100000.html
../../core_sys/images/contents/00000010/block/00000033/00000052.jpg%3F1484183775,jpg,contents/hp0006/index00100000.html
../../core_sys/images/contents/00000010/block/00000033/00000053.jpg%3F1484183775,jpg,contents/hp0006/index00100000.html
../../core_sys/images/contents/00000010/block/00000033/00000054.jpg%3F1484183775,jpg,contents/hp0006/index00100000.html
../../core_sys/images/contents/00000010/block/00000032/00000048.gif%3F1484183775,gif,contents/hp0006/index00100000.html
../../core_sys/images/contents/00000016/block/00000051/00000091.jpg%3F1484183786,jpg,contents/hp0006/index00160000.html
../../core_sys/images/contents/00000016/block/00000051/00000092.jpg%3F1484183786,jpg,contents/hp0006/index00160000.html
../../core_sys/images/contents/00000016/block/00000051/00000093.jpg%3F1484183786,jpg,contents/hp0006/index00160000.html
../../core_sys/images/contents/00000016/block/00000051/00000094.jpg%3F1484183786,jpg,contents/hp0006/index00160000.html
../../core_sys/images/contents/00000016/block/00000051/00000095.jpg%3F1484183786,jpg,contents/hp0006/index00160000.html
../../core_sys/images/contents/00000016/block/00000051/00000096.jpg%3F1484183786,jpg,contents/hp0006/index00160000.html
../../core_sys/images/contents/00000016/block/00000050/00000090.gif%3F1484183786,gif,contents/hp0006/index00160000.html
../../core_sys/images/contents/00000017/block/00000054/00000098.jpg%3F1484183790,jpg,contents/hp0006/index00170000.html
../../core_sys/images/contents/00000017/block/00000054/00000099.jpg%3F1484183790,jpg,contents/hp0006/index00170000.html
../../core_sys/images/contents/00000017/block/00000054/00000100.jpg%3F1484183790,jpg,contents/hp0006/index00170000.html
../../core_sys/images/contents/00000017/block/00000054/00000101.jpg%3F1484183790,jpg,contents/hp0006/index00170000.html
../../core_sys/images/contents/00000017/block/00000054/00000102.jpg%3F1484183790,jpg,contents/hp0006/index00170000.html
../../core_sys/images/contents/00000017/block/00000054/00000103.jpg%3F1484183790,jpg,contents/hp0006/index00170000.html
../../core_sys/images/contents/00000017/block/00000053/00000097.gif%3F1484183790,gif,contents/hp0006/index00170000.html
../../core_sys/images/contents/00000018/block/00000056/00000104.gif%3F1484183793,gif,contents/hp0006/index00180000.html
../../core_sys/images/contents/00000018/block/00000057/00000105.gif%3F1484183793,gif,contents/hp0006/index00180000.html
../../core_sys/images/contents/00000018/block/00000057/00000106.gif%3F1484183793,gif,contents/hp0006/index00180000.html
../../core_sys/images/contents/00000018/block/00000057/00000107.gif%3F1484183793,gif,contents/hp0006/index00180000.html
../../core_sys/images/contents/00000018/block/00000057/00000108.gif%3F1484183793,gif,contents/hp0006/index00180000.html
../../core_sys/images/contents/00000018/block/00000057/00000109.gif%3F1484183793,gif,contents/hp0006/index00180000.html
../../core_sys/images/contents/00000018/block/00000057/00000110.gif%3F1484183793,gif,contents/hp0006/index00180000.html
../../core_sys/images/contents/00000019/block/00000060/00000112.jpg%3F1484183797,jpg,contents/hp0006/index00190000.html
../../core_sys/images/contents/00000019/block/00000060/00000113.jpg%3F1484183797,jpg,contents/hp0006/index00190000.html
../../core_sys/images/contents/00000019/block/00000060/00000114.jpg%3F1484183797,jpg,contents/hp0006/index00190000.html
../../core_sys/images/contents/00000019/block/00000060/00000115.jpg%3F1484183797,jpg,contents/hp0006/index00190000.html
../../core_sys/images/contents/00000019/block/00000060/00000116.jpg%3F1484183797,jpg,contents/hp0006/index00190000.html
../../core_sys/images/contents/00000019/block/00000060/00000117.jpg%3F1484183797,jpg,contents/hp0006/index00190000.html
../../core_sys/images/contents/00000019/block/00000059/00000111.gif%3F1484183797,gif,contents/hp0006/index00190000.html
../../core_sys/images/contents/00000012/block/00000039/00000063.jpg%3F1484183775,jpg,contents/hp0006/index00120000.html
../../core_sys/images/contents/00000012/block/00000039/00000064.jpg%3F1484183775,jpg,contents/hp0006/index00120000.html
../../core_sys/images/contents/00000012/block/00000039/00000065.jpg%3F1484183775,jpg,contents/hp0006/index00120000.html
../../core_sys/images/contents/00000012/block/00000039/00000066.jpg%3F1484183775,jpg,contents/hp0006/index00120000.html
../../core_sys/images/contents/00000012/block/00000039/00000067.jpg%3F1484183775,jpg,contents/hp0006/index00120000.html
../../core_sys/images/contents/00000012/block/00000039/00000068.jpg%3F1484183775,jpg,contents/hp0006/index00120000.html
../../core_sys/images/contents/00000012/block/00000038/00000062.gif%3F1484183775,gif,contents/hp0006/index00120000.html
../../core_sys/images/contents/00000013/block/00000042/00000070.jpg%3F1484183776,jpg,contents/hp0006/index00130000.html
../../core_sys/images/contents/00000013/block/00000042/00000071.jpg%3F1484183776,jpg,contents/hp0006/index00130000.html
../../core_sys/images/contents/00000013/block/00000042/00000072.jpg%3F1484183776,jpg,contents/hp0006/index00130000.html
../../core_sys/images/contents/00000013/block/00000042/00000073.jpg%3F1484183776,jpg,contents/hp0006/index00130000.html
../../core_sys/images/contents/00000013/block/00000042/00000074.jpg%3F1484183776,jpg,contents/hp0006/index00130000.html
../../core_sys/images/contents/00000013/block/00000042/00000075.jpg%3F1484183776,jpg,contents/hp0006/index00130000.html
../../core_sys/images/contents/00000013/block/00000041/00000069.gif%3F1484183776,gif,contents/hp0006/index00130000.html
../../core_sys/images/contents/00000020/block/00000062/00000118.gif%3F1484183801,gif,contents/hp0006/index00200000.html
../../core_sys/images/contents/00000020/block/00000063/00000119.gif%3F1484183801,gif,contents/hp0006/index00200000.html
../../core_sys/images/contents/00000020/block/00000063/00000120.gif%3F1484183801,gif,contents/hp0006/index00200000.html
../../core_sys/images/contents/00000020/block/00000063/00000121.gif%3F1484183801,gif,contents/hp0006/index00200000.html
../../core_sys/images/contents/00000020/block/00000063/00000122.gif%3F1484183801,gif,contents/hp0006/index00200000.html
../../core_sys/images/contents/00000020/block/00000063/00000123.gif%3F1484183801,gif,contents/hp0006/index00200000.html
../../core_sys/images/contents/00000020/block/00000063/00000124.gif%3F1484183801,gif,contents/hp0006/index00200000.html
../../core_sys/images/contents/00000015/block/00000048/00000084.jpg%3F1484183784,jpg,contents/hp0006/index00150000.html
../../core_sys/images/contents/00000015/block/00000048/00000085.jpg%3F1484183784,jpg,contents/hp0006/index00150000.html
../../core_sys/images/contents/00000015/block/00000048/00000086.jpg%3F1484183784,jpg,contents/hp0006/index00150000.html
../../core_sys/images/contents/00000015/block/00000048/00000087.jpg%3F1484183784,jpg,contents/hp0006/index00150000.html
../../core_sys/images/contents/00000015/block/00000048/00000088.jpg%3F1484183784,jpg,contents/hp0006/index00150000.html
../../core_sys/images/contents/00000015/block/00000048/00000089.jpg%3F1484183784,jpg,contents/hp0006/index00150000.html
../../core_sys/images/contents/00000015/block/00000047/00000083.gif%3F1484183784,gif,contents/hp0006/index00150000.html
../../core_sys/images/contents/00000014/block/00000045/00000077.jpg%3F1484183776,jpg,contents/hp0006/index00140000.html
../../core_sys/images/contents/00000014/block/00000045/00000078.jpg%3F1484183776,jpg,contents/hp0006/index00140000.html
../../core_sys/images/contents/00000014/block/00000045/00000079.jpg%3F1484183776,jpg,contents/hp0006/index00140000.html
../../core_sys/images/contents/00000014/block/00000045/00000080.jpg%3F1484183776,jpg,contents/hp0006/index00140000.html
../../core_sys/images/contents/00000014/block/00000045/00000081.jpg%3F1484183776,jpg,contents/hp0006/index00140000.html
../../core_sys/images/contents/00000014/block/00000045/00000082.jpg%3F1484183776,jpg,contents/hp0006/index00140000.html
../../core_sys/images/contents/00000014/block/00000044/00000076.gif%3F1484183776,gif,contents/hp0006/index00140000.html
../../core_sys/images/contents/00000009/block/00000029/00000041.gif%3F1484183774,gif,contents/hp0006/index00090000.html
../../core_sys/images/contents/00000009/block/00000030/00000042.gif%3F1484183774,gif,contents/hp0006/index00090000.html
../../core_sys/images/contents/00000009/block/00000030/00000043.gif%3F1484183774,gif,contents/hp0006/index00090000.html
../../core_sys/images/contents/00000009/block/00000030/00000044.gif%3F1484183774,gif,contents/hp0006/index00090000.html
../../core_sys/images/contents/00000009/block/00000030/00000045.gif%3F1484183774,gif,contents/hp0006/index00090000.html
../../core_sys/images/contents/00000009/block/00000030/00000046.gif%3F1484183774,gif,contents/hp0006/index00090000.html
../../core_sys/images/contents/00000009/block/00000030/00000047.gif%3F1484183774,gif,contents/hp0006/index00090000.html
../../core_sys/images/contents/00000004/block/00000025/00000035.jpg%3F1484183772,jpg,contents/hp0011/index00040000.html
../../core_sys/images/contents/00000004/block/00000071/00000134.jpg%3F1484183772,jpg,contents/hp0011/index00040000.html
../../core_sys/images/contents/00000004/block/00000027/00000039.jpg%3F1484183772,jpg,contents/hp0011/index00040000.html
../../core_sys/images/contents/00000004/block/00000024/00000034.jpg%3F1484183772,jpg,contents/hp0011/index00040000.html
../../core_sys/images/contents/00000004/block/00000023/00000033.jpg%3F1484183772,jpg,contents/hp0011/index00040000.html
../../core_sys/images/contents/00000004/block/00000022/00000032.jpg%3F1484183772,jpg,contents/hp0011/index00040000.html
../../core_sys/images/contents/00000004/block/00000021/00000031.jpg%3F1484183772,jpg,contents/hp0011/index00040000.html
../../core_sys/images/contents/00000004/block/00000020/00000030.jpg%3F1484183772,jpg,contents/hp0011/index00040000.html
../../core_sys/images/contents/00000004/block/00000019/00000029.jpg%3F1484183772,jpg,contents/hp0011/index00040000.html
../../core_sys/images/contents/00000004/block/00000026/00000036.jpg%3F1484183772,jpg,contents/hp0011/index00040000.html
../../core_sys/images/contents/00000004/block/00000073/00000136.jpg%3F1484183772,jpg,contents/hp0011/index00040000.html
../../core_sys/images/contents/00000004/block/00000006/00000012.gif%3F1484183772,gif,contents/hp0011/index00040000.html
>,gif,contents/hp0011/index00040000.html
../../core_sys/images/contents/00000003/block/00000076/00000139.jpg%3F1484183771,jpg,contents/hp0010/index00030000.html
../../core_sys/images/contents/00000003/block/00000068/00000131.jpg%3F1484183771,jpg,contents/hp0010/index00030000.html
../../core_sys/images/contents/00000003/block/00000075/sn_00000138.jpg%3F1484183771,jpg,contents/hp0010/index00030000.html
../../core_sys/images/contents/00000003/block/00000069/00000132.jpg%3F1484183771,jpg,contents/hp0010/index00030000.html
../../core_sys/images/contents/00000003/block/00000004/sn_00000037.jpg%3F1484183771,jpg,contents/hp0010/index00030000.html
../../core_sys/images/contents/00000003/block/00000018/sn_00000028.jpg%3F1484183771,jpg,contents/hp0010/index00030000.html
../../core_sys/images/contents/00000003/block/00000070/00000133.gif%3F1484183771,gif,contents/hp0010/index00030000.html
../../core_sys/images/contents/00000003/block/00000018/sn_00000038.gif%3F1484183771,gif,contents/hp0010/index00030000.html
../../core_sys/images/contents/00000003/block/00000018/sn_00000127.gif%3F1484183771,gif,contents/hp0010/index00030000.html
../../core_sys/images/contents/00000003/block/00000018/sn_00000129.gif%3F1484183771,gif,contents/hp0010/index00030000.html
>,gif,contents/hp0010/index00030000.html
https://wwws.warnerbros.co.jp/anime/kamimemo/core_sys/images/main/contents/chara/bt_chara12.jpg,jpg,contents/hp0004/index00080003.html
https://wwws.warnerbros.co.jp/anime/kamimemo/core_sys/images/main/contents/chara/bt_chara12a.jpg,jpg,contents/hp0004/index00080003.html
https://wwws.warnerbros.co.jp/anime/kamimemo/core_sys/images/main/contents/chara/bt_chara13.jpg,jpg,contents/hp0004/index00080003.html
https://wwws.warnerbros.co.jp/anime/kamimemo/core_sys/images/main/contents/chara/bt_chara13a.jpg,jpg,contents/hp0004/index00080003.html
https://wwws.warnerbros.co.jp/anime/kamimemo/core_sys/images/main/contents/chara/bt_chara14.jpg,jpg,contents/hp0004/index00080003.html
https://wwws.warnerbros.co.jp/anime/kamimemo/core_sys/images/main/contents/chara/bt_chara14a.jpg,jpg,contents/hp0004/index00080003.html
https://wwws.warnerbros.co.jp/anime/kamimemo/core_sys/images/main/contents/chara/bt_chara15.jpg,jpg,contents/hp0004/index00080003.html
https://wwws.warnerbros.co.jp/anime/kamimemo/core_sys/images/main/contents/chara/bt_chara15a.jpg,jpg,contents/hp0004/index00080003.html
https://wwws.warnerbros.co.jp/anime/kamimemo/core_sys/images/main/contents/chara/bt_chara16.jpg,jpg,contents/hp0004/index00080003.html
https://wwws.warnerbros.co.jp/anime/kamimemo/core_sys/images/main/contents/chara/bt_chara16a.jpg,jpg,contents/hp0004/index00080003.html
>,jpg,contents/hp0004/index00080003.html
../../core_sys/images/contents/00000008/block/00000013/00000022.jpg%3F1484183771,jpg,contents/hp0004/index00080003.html
>,gif,contents/hp0004/index00080003.html
https://wwws.warnerbros.co.jp/anime/kamimemo/core_sys/images/main/contents/chara/bt_chara12.jpg,jpg,contents/hp0004/index00080002.html
https://wwws.warnerbros.co.jp/anime/kamimemo/core_sys/images/main/contents/chara/bt_chara12a.jpg,jpg,contents/hp0004/index00080002.html
https://wwws.warnerbros.co.jp/anime/kamimemo/core_sys/images/main/contents/chara/bt_chara13.jpg,jpg,contents/hp0004/index00080002.html
https://wwws.warnerbros.co.jp/anime/kamimemo/core_sys/images/main/contents/chara/bt_chara13a.jpg,jpg,contents/hp0004/index00080002.html
https://wwws.warnerbros.co.jp/anime/kamimemo/core_sys/images/main/contents/chara/bt_chara14.jpg,jpg,contents/hp0004/index00080002.html
https://wwws.warnerbros.co.jp/anime/kamimemo/core_sys/images/main/contents/chara/bt_chara14a.jpg,jpg,contents/hp0004/index00080002.html
https://wwws.warnerbros.co.jp/anime/kamimemo/core_sys/images/main/contents/chara/bt_chara15.jpg,jpg,contents/hp0004/index00080002.html
https://wwws.warnerbros.co.jp/anime/kamimemo/core_sys/images/main/contents/chara/bt_chara15a.jpg,jpg,contents/hp0004/index00080002.html
https://wwws.warnerbros.co.jp/anime/kamimemo/core_sys/images/main/contents/chara/bt_chara16.jpg,jpg,contents/hp0004/index00080002.html
https://wwws.warnerbros.co.jp/anime/kamimemo/core_sys/images/main/contents/chara/bt_chara16a.jpg,jpg,contents/hp0004/index00080002.html
>,jpg,contents/hp0004/index00080002.html
../../core_sys/images/contents/00000008/block/00000012/00000021.jpg%3F1484183771,jpg,contents/hp0004/index00080002.html
>,gif,contents/hp0004/index00080002.html
https://wwws.warnerbros.co.jp/anime/kamimemo/core_sys/images/main/contents/chara/bt_chara12.jpg,jpg,contents/hp0004/index00080005.html
https://wwws.warnerbros.co.jp/anime/kamimemo/core_sys/images/main/contents/chara/bt_chara12a.jpg,jpg,contents/hp0004/index00080005.html
https://wwws.warnerbros.co.jp/anime/kamimemo/core_sys/images/main/contents/chara/bt_chara13.jpg,jpg,contents/hp0004/index00080005.html
https://wwws.warnerbros.co.jp/anime/kamimemo/core_sys/images/main/contents/chara/bt_chara13a.jpg,jpg,contents/hp0004/index00080005.html
https://wwws.warnerbros.co.jp/anime/kamimemo/core_sys/images/main/contents/chara/bt_chara14.jpg,jpg,contents/hp0004/index00080005.html
https://wwws.warnerbros.co.jp/anime/kamimemo/core_sys/images/main/contents/chara/bt_chara14a.jpg,jpg,contents/hp0004/index00080005.html
https://wwws.warnerbros.co.jp/anime/kamimemo/core_sys/images/main/contents/chara/bt_chara15.jpg,jpg,contents/hp0004/index00080005.html
https://wwws.warnerbros.co.jp/anime/kamimemo/core_sys/images/main/contents/chara/bt_chara15a.jpg,jpg,contents/hp0004/index00080005.html
https://wwws.warnerbros.co.jp/anime/kamimemo/core_sys/images/main/contents/chara/bt_chara16.jpg,jpg,contents/hp0004/index00080005.html
https://wwws.warnerbros.co.jp/anime/kamimemo/core_sys/images/main/contents/chara/bt_chara16a.jpg,jpg,contents/hp0004/index00080005.html
>,jpg,contents/hp0004/index00080005.html
../../core_sys/images/contents/00000008/block/00000015/00000024.jpg%3F1484183771,jpg,contents/hp0004/index00080005.html
>,gif,contents/hp0004/index00080005.html
https://wwws.warnerbros.co.jp/anime/kamimemo/core_sys/images/main/contents/chara/bt_chara12.jpg,jpg,contents/hp0004/index00080009.html
https://wwws.warnerbros.co.jp/anime/kamimemo/core_sys/images/main/contents/chara/bt_chara12a.jpg,jpg,contents/hp0004/index00080009.html
https://wwws.warnerbros.co.jp/anime/kamimemo/core_sys/images/main/contents/chara/bt_chara13.jpg,jpg,contents/hp0004/index00080009.html
https://wwws.warnerbros.co.jp/anime/kamimemo/core_sys/images/main/contents/chara/bt_chara13a.jpg,jpg,contents/hp0004/index00080009.html
https://wwws.warnerbros.co.jp/anime/kamimemo/core_sys/images/main/contents/chara/bt_chara14.jpg,jpg,contents/hp0004/index00080009.html
https://wwws.warnerbros.co.jp/anime/kamimemo/core_sys/images/main/contents/chara/bt_chara14a.jpg,jpg,contents/hp0004/index00080009.html
https://wwws.warnerbros.co.jp/anime/kamimemo/core_sys/images/main/contents/chara/bt_chara15.jpg,jpg,contents/hp0004/index00080009.html
https://wwws.warnerbros.co.jp/anime/kamimemo/core_sys/images/main/contents/chara/bt_chara15a.jpg,jpg,contents/hp0004/index00080009.html
https://wwws.warnerbros.co.jp/anime/kamimemo/core_sys/images/main/contents/chara/bt_chara16.jpg,jpg,contents/hp0004/index00080009.html
https://wwws.warnerbros.co.jp/anime/kamimemo/core_sys/images/main/contents/chara/bt_chara16a.jpg,jpg,contents/hp0004/index00080009.html
>,jpg,contents/hp0004/index00080009.html
../../core_sys/images/contents/00000008/block/00000066/00000126.jpg%3F1484183774,jpg,contents/hp0004/index00080009.html
>,gif,contents/hp0004/index00080009.html
https://wwws.warnerbros.co.jp/anime/kamimemo/core_sys/images/main/contents/chara/bt_chara12.jpg,jpg,contents/hp0004/index00080008.html
https://wwws.warnerbros.co.jp/anime/kamimemo/core_sys/images/main/contents/chara/bt_chara12a.jpg,jpg,contents/hp0004/index00080008.html
https://wwws.warnerbros.co.jp/anime/kamimemo/core_sys/images/main/contents/chara/bt_chara13.jpg,jpg,contents/hp0004/index00080008.html
https://wwws.warnerbros.co.jp/anime/kamimemo/core_sys/images/main/contents/chara/bt_chara13a.jpg,jpg,contents/hp0004/index00080008.html
https://wwws.warnerbros.co.jp/anime/kamimemo/core_sys/images/main/contents/chara/bt_chara14.jpg,jpg,contents/hp0004/index00080008.html
https://wwws.warnerbros.co.jp/anime/kamimemo/core_sys/images/main/contents/chara/bt_chara14a.jpg,jpg,contents/hp0004/index00080008.html
https://wwws.warnerbros.co.jp/anime/kamimemo/core_sys/images/main/contents/chara/bt_chara15.jpg,jpg,contents/hp0004/index00080008.html
https://wwws.warnerbros.co.jp/anime/kamimemo/core_sys/images/main/contents/chara/bt_chara15a.jpg,jpg,contents/hp0004/index00080008.html
https://wwws.warnerbros.co.jp/anime/kamimemo/core_sys/images/main/contents/chara/bt_chara16.jpg,jpg,contents/hp0004/index00080008.html
https://wwws.warnerbros.co.jp/anime/kamimemo/core_sys/images/main/contents/chara/bt_chara16a.jpg,jpg,contents/hp0004/index00080008.html
>,jpg,contents/hp0004/index00080008.html
../../core_sys/images/contents/00000008/block/00000065/00000125.jpg%3F1484183774,jpg,contents/hp0004/index00080008.html
>,gif,contents/hp0004/index00080008.html
https://wwws.warnerbros.co.jp/anime/kamimemo/core_sys/images/main/contents/chara/bt_chara12.jpg,jpg,contents/hp0004/index00080004.html
https://wwws.warnerbros.co.jp/anime/kamimemo/core_sys/images/main/contents/chara/bt_chara12a.jpg,jpg,contents/hp0004/index00080004.html
https://wwws.warnerbros.co.jp/anime/kamimemo/core_sys/images/main/contents/chara/bt_chara13.jpg,jpg,contents/hp0004/index00080004.html
https://wwws.warnerbros.co.jp/anime/kamimemo/core_sys/images/main/contents/chara/bt_chara13a.jpg,jpg,contents/hp0004/index00080004.html
https://wwws.warnerbros.co.jp/anime/kamimemo/core_sys/images/main/contents/chara/bt_chara14.jpg,jpg,contents/hp0004/index00080004.html
https://wwws.warnerbros.co.jp/anime/kamimemo/core_sys/images/main/contents/chara/bt_chara14a.jpg,jpg,contents/hp0004/index00080004.html
https://wwws.warnerbros.co.jp/anime/kamimemo/core_sys/images/main/contents/chara/bt_chara15.jpg,jpg,contents/hp0004/index00080004.html
https://wwws.warnerbros.co.jp/anime/kamimemo/core_sys/images/main/contents/chara/bt_chara15a.jpg,jpg,contents/hp0004/index00080004.html
https://wwws.warnerbros.co.jp/anime/kamimemo/core_sys/images/main/contents/chara/bt_chara16.jpg,jpg,contents/hp0004/index00080004.html
https://wwws.warnerbros.co.jp/anime/kamimemo/core_sys/images/main/contents/chara/bt_chara16a.jpg,jpg,contents/hp0004/index00080004.html
>,jpg,contents/hp0004/index00080004.html
../../core_sys/images/contents/00000008/block/00000014/00000023.jpg%3F1484183771,jpg,contents/hp0004/index00080004.html
>,gif,contents/hp0004/index00080004.html
https://wwws.warnerbros.co.jp/anime/kamimemo/core_sys/images/main/contents/chara/bt_chara12.jpg,jpg,contents/hp0004/index00080007.html
https://wwws.warnerbros.co.jp/anime/kamimemo/core_sys/images/main/contents/chara/bt_chara12a.jpg,jpg,contents/hp0004/index00080007.html
https://wwws.warnerbros.co.jp/anime/kamimemo/core_sys/images/main/contents/chara/bt_chara13.jpg,jpg,contents/hp0004/index00080007.html
https://wwws.warnerbros.co.jp/anime/kamimemo/core_sys/images/main/contents/chara/bt_chara13a.jpg,jpg,contents/hp0004/index00080007.html
https://wwws.warnerbros.co.jp/anime/kamimemo/core_sys/images/main/contents/chara/bt_chara14.jpg,jpg,contents/hp0004/index00080007.html
https://wwws.warnerbros.co.jp/anime/kamimemo/core_sys/images/main/contents/chara/bt_chara14a.jpg,jpg,contents/hp0004/index00080007.html
https://wwws.warnerbros.co.jp/anime/kamimemo/core_sys/images/main/contents/chara/bt_chara15.jpg,jpg,contents/hp0004/index00080007.html
https://wwws.warnerbros.co.jp/anime/kamimemo/core_sys/images/main/contents/chara/bt_chara15a.jpg,jpg,contents/hp0004/index00080007.html
https://wwws.warnerbros.co.jp/anime/kamimemo/core_sys/images/main/contents/chara/bt_chara16.jpg,jpg,contents/hp0004/index00080007.html
https://wwws.warnerbros.co.jp/anime/kamimemo/core_sys/images/main/contents/chara/bt_chara16a.jpg,jpg,contents/hp0004/index00080007.html
>,jpg,contents/hp0004/index00080007.html
../../core_sys/images/contents/00000008/block/00000017/00000026.jpg%3F1484183771,jpg,contents/hp0004/index00080007.html
>,gif,contents/hp0004/index00080007.html
https://wwws.warnerbros.co.jp/anime/kamimemo/core_sys/images/main/contents/chara/bt_chara12.jpg,jpg,contents/hp0004/index00080006.html
https://wwws.warnerbros.co.jp/anime/kamimemo/core_sys/images/main/contents/chara/bt_chara12a.jpg,jpg,contents/hp0004/index00080006.html
https://wwws.warnerbros.co.jp/anime/kamimemo/core_sys/images/main/contents/chara/bt_chara13.jpg,jpg,contents/hp0004/index00080006.html
https://wwws.warnerbros.co.jp/anime/kamimemo/core_sys/images/main/contents/chara/bt_chara13a.jpg,jpg,contents/hp0004/index00080006.html
https://wwws.warnerbros.co.jp/anime/kamimemo/core_sys/images/main/contents/chara/bt_chara14.jpg,jpg,contents/hp0004/index00080006.html
https://wwws.warnerbros.co.jp/anime/kamimemo/core_sys/images/main/contents/chara/bt_chara14a.jpg,jpg,contents/hp0004/index00080006.html
https://wwws.warnerbros.co.jp/anime/kamimemo/core_sys/images/main/contents/chara/bt_chara15.jpg,jpg,contents/hp0004/index00080006.html
https://wwws.warnerbros.co.jp/anime/kamimemo/core_sys/images/main/contents/chara/bt_chara15a.jpg,jpg,contents/hp0004/index00080006.html
https://wwws.warnerbros.co.jp/anime/kamimemo/core_sys/images/main/contents/chara/bt_chara16.jpg,jpg,contents/hp0004/index00080006.html
https://wwws.warnerbros.co.jp/anime/kamimemo/core_sys/images/main/contents/chara/bt_chara16a.jpg,jpg,contents/hp0004/index00080006.html
>,jpg,contents/hp0004/index00080006.html
../../core_sys/images/contents/00000008/block/00000016/00000025.jpg%3F1484183771,jpg,contents/hp0004/index00080006.html
>,gif,contents/hp0004/index00080006.html
https://wwws.warnerbros.co.jp/anime/kamimemo/core_sys/images/main/contents/chara/bt_chara12.jpg,jpg,contents/hp0004/index00080010.html
https://wwws.warnerbros.co.jp/anime/kamimemo/core_sys/images/main/contents/chara/bt_chara12a.jpg,jpg,contents/hp0004/index00080010.html
https://wwws.warnerbros.co.jp/anime/kamimemo/core_sys/images/main/contents/chara/bt_chara13.jpg,jpg,contents/hp0004/index00080010.html
https://wwws.warnerbros.co.jp/anime/kamimemo/core_sys/images/main/contents/chara/bt_chara13a.jpg,jpg,contents/hp0004/index00080010.html
https://wwws.warnerbros.co.jp/anime/kamimemo/core_sys/images/main/contents/chara/bt_chara14.jpg,jpg,contents/hp0004/index00080010.html
https://wwws.warnerbros.co.jp/anime/kamimemo/core_sys/images/main/contents/chara/bt_chara14a.jpg,jpg,contents/hp0004/index00080010.html
https://wwws.warnerbros.co.jp/anime/kamimemo/core_sys/images/main/contents/chara/bt_chara15.jpg,jpg,contents/hp0004/index00080010.html
https://wwws.warnerbros.co.jp/anime/kamimemo/core_sys/images/main/contents/chara/bt_chara15a.jpg,jpg,contents/hp0004/index00080010.html
https://wwws.warnerbros.co.jp/anime/kamimemo/core_sys/images/main/contents/chara/bt_chara16.jpg,jpg,contents/hp0004/index00080010.html
https://wwws.warnerbros.co.jp/anime/kamimemo/core_sys/images/main/contents/chara/bt_chara16a.jpg,jpg,contents/hp0004/index00080010.html
>,jpg,contents/hp0004/index00080010.html
../../core_sys/images/contents/00000008/block/00000067/00000130.jpg%3F1484183776,jpg,contents/hp0004/index00080010.html
>,gif,contents/hp0004/index00080010.html
https://wwws.warnerbros.co.jp/anime/kamimemo/core_sys/images/main/contents/chara/bt_chara12.jpg,jpg,contents/hp0004/index00080001.html
https://wwws.warnerbros.co.jp/anime/kamimemo/core_sys/images/main/contents/chara/bt_chara12a.jpg,jpg,contents/hp0004/index00080001.html
https://wwws.warnerbros.co.jp/anime/kamimemo/core_sys/images/main/contents/chara/bt_chara13.jpg,jpg,contents/hp0004/index00080001.html
https://wwws.warnerbros.co.jp/anime/kamimemo/core_sys/images/main/contents/chara/bt_chara13a.jpg,jpg,contents/hp0004/index00080001.html
https://wwws.warnerbros.co.jp/anime/kamimemo/core_sys/images/main/contents/chara/bt_chara14.jpg,jpg,contents/hp0004/index00080001.html
https://wwws.warnerbros.co.jp/anime/kamimemo/core_sys/images/main/contents/chara/bt_chara14a.jpg,jpg,contents/hp0004/index00080001.html
https://wwws.warnerbros.co.jp/anime/kamimemo/core_sys/images/main/contents/chara/bt_chara15.jpg,jpg,contents/hp0004/index00080001.html
https://wwws.warnerbros.co.jp/anime/kamimemo/core_sys/images/main/contents/chara/bt_chara15a.jpg,jpg,contents/hp0004/index00080001.html
https://wwws.warnerbros.co.jp/anime/kamimemo/core_sys/images/main/contents/chara/bt_chara16.jpg,jpg,contents/hp0004/index00080001.html
https://wwws.warnerbros.co.jp/anime/kamimemo/core_sys/images/main/contents/chara/bt_chara16a.jpg,jpg,contents/hp0004/index00080001.html
>,jpg,contents/hp0004/index00080001.html
../../core_sys/images/contents/00000008/block/00000011/00000020.jpg%3F1484183771,jpg,contents/hp0004/index00080001.html
>,gif,contents/hp0004/index00080001.html
https://wwws.warnerbros.co.jp/anime/kamimemo/core_sys/images/main/contents/chara/bt_chara12.jpg,jpg,contents/hp0004/index00080000.html
https://wwws.warnerbros.co.jp/anime/kamimemo/core_sys/images/main/contents/chara/bt_chara12a.jpg,jpg,contents/hp0004/index00080000.html
https://wwws.warnerbros.co.jp/anime/kamimemo/core_sys/images/main/contents/chara/bt_chara13.jpg,jpg,contents/hp0004/index00080000.html
https://wwws.warnerbros.co.jp/anime/kamimemo/core_sys/images/main/contents/chara/bt_chara13a.jpg,jpg,contents/hp0004/index00080000.html
https://wwws.warnerbros.co.jp/anime/kamimemo/core_sys/images/main/contents/chara/bt_chara14.jpg,jpg,contents/hp0004/index00080000.html
https://wwws.warnerbros.co.jp/anime/kamimemo/core_sys/images/main/contents/chara/bt_chara14a.jpg,jpg,contents/hp0004/index00080000.html
https://wwws.warnerbros.co.jp/anime/kamimemo/core_sys/images/main/contents/chara/bt_chara15.jpg,jpg,contents/hp0004/index00080000.html
https://wwws.warnerbros.co.jp/anime/kamimemo/core_sys/images/main/contents/chara/bt_chara15a.jpg,jpg,contents/hp0004/index00080000.html
https://wwws.warnerbros.co.jp/anime/kamimemo/core_sys/images/main/contents/chara/bt_chara16.jpg,jpg,contents/hp0004/index00080000.html
https://wwws.warnerbros.co.jp/anime/kamimemo/core_sys/images/main/contents/chara/bt_chara16a.jpg,jpg,contents/hp0004/index00080000.html
>,jpg,contents/hp0004/index00080000.html
../../core_sys/images/contents/00000008/block/00000010/00000019.jpg%3F1484183771,jpg,contents/hp0004/index00080000.html
>,gif,contents/hp0004/index00080000.html
../../core_sys/images/contents/00000006/base/001.jpg%3F1484183771,jpg,contents/hp0003/index00060000.html
../../core_sys/images/contents/00000007/base/001.jpg%3F1484183771,jpg,contents/hp0005/index00070000.html
../core_sys/images/banner/00000001.jpg%3F1484183772,jpg,radio/index.html
../core_sys/images/main/contents/radio/ttl_bno.gif,gif,radio/index.html
../core_sys/images/main/contents/radio/bt_shityo_32back_off.gif,gif,radio/index.html
../core_sys/images/main/contents/radio/bt_shityo_32back_off.gif,gif,radio/index.html
../core_sys/images/others/radio/120112l.asx,asx,radio/index.html
../core_sys/images/others/radio/120105l.asx,asx,radio/index.html
../core_sys/images/others/radio/111229l.asx,asx,radio/index.html
../../core_sys/images/news/00000010/block/00000010/00000007.gif%3F1484183774,gif,news/hp0001/index00100000.html
../../core_sys/images/news/00000024/base/sn_001.jpg%3F1484183776,jpg,news/hp0001/index00240000.html
../../core_sys/images/news/00000039/base/001.gif%3F1484183796,gif,news/hp0001/index00390000.html
../../core_sys/images/news/00000048/base/001.jpg%3F1484183809,jpg,news/hp0001/index00480000.html
../../core_sys/images/news/00000019/base/sn_001.jpg%3F1484183775,jpg,news/hp0001/index00190000.html
../../core_sys/images/news/00000027/base/001.jpg%3F1484183776,jpg,news/hp0001/index00270000.html
../../core_sys/images/news/00000008/block/00000005/00000001.jpg%3F1484183773,jpg,news/hp0001/index00080000.html
../../core_sys/images/news/00000008/block/00000006/00000002.jpg%3F1484183773,jpg,news/hp0001/index00080000.html
../../core_sys/images/news/00000008/block/00000007/00000003.jpg%3F1484183773,jpg,news/hp0001/index00080000.html
../../core_sys/images/news/00000041/base/sn_001.gif%3F1484183800,gif,news/hp0001/index00410000.html
../../core_sys/images/news/00000003/base/sn_001.jpg%3F1484183773,jpg,news/hp0001/index00030000.html
core_sys/images/side/twitter_logo_s_ie6.png,png,core_sys/css/usa/usa_016.css
https://wwws.warnerbros.co.jp/anime/kamimemo/core_sys/images/main/con_h2_ti_ico_b.gif,gif,core_sys/css/nwu/nwu_001_t.css
";
display: block;
clear: both;
height: 0px;
overflow: hidden;
}

/* 表示中年度指定 */
.crt_year {
float: left;
margin: 0px;
padding: 0px 0px 0px 20px;
font-size: 120%;
font-weight: bold;
background: url(../../../images/sys/ar02_gr02.gif) 5px center no-repeat;
}

/* 年度移動指定 */
.year_list {
float: right;
margin: 0px;
padding: 0px;
text-align: right;
}

.year_list ul {
_float: right;
margin: 0px 0px 0px auto;
padding: 0px;
list-style: none;
}

.year_list li {
float: left;
margin: 0px 2px;
padding: 0px;
}

.year_list li.prev_year {
margin: 0px;
padding: 5px 10px 0px 15px;
color:",gif,core_sys/css/news_block/list/list_common.css
https://wwws.warnerbros.co.jp/anime/kamimemo/core_sys/images/main/con_h2_ti_bg_b.gif,gif,core_sys/css/user/user.css
https://wwws.warnerbros.co.jp/anime/kamimemo/core_sys/images/main/con_h2_ti_ico_b.gif,gif,core_sys/css/user/user.css
https://wwws.warnerbros.co.jp/anime/kamimemo/core_sys/images/main/con_h2_ti_bg_r.gif,gif,core_sys/css/user/user.css
https://wwws.warnerbros.co.jp/anime/kamimemo/core_sys/images/main/con_h2_ti_ico_r.gif,gif,core_sys/css/user/user.css
https://wwws.warnerbros.co.jp/anime/kamimemo/core_sys/images/main/con_h2_ti_bg_g.gif,gif,core_sys/css/user/user.css
https://wwws.warnerbros.co.jp/anime/kamimemo/core_sys/images/main/con_h2_ti_ico_g.gif,gif,core_sys/css/user/user.css
https://wwws.warnerbros.co.jp/anime/kamimemo/core_sys/images/main/con_h2_ti_bg_o.gif,gif,core_sys/css/user/user.css
https://wwws.warnerbros.co.jp/anime/kamimemo/core_sys/images/main/con_h2_ti_ico_o.gif,gif,core_sys/css/user/user.css
https://wwws.warnerbros.co.jp/anime/kamimemo/core_sys/images/main/con_h2_ti_bg_bk.gif,gif,core_sys/css/user/user.css
https://wwws.warnerbros.co.jp/anime/kamimemo/core_sys/images/main/con_h2_ti_ico_bk.gif,gif,core_sys/css/user/user.css
";
display: block;
clear: both;
height: 0px;
overflow: hidden;
}

/* 表示中年度指定 */
.crt_year {
float: left;
margin: 0px;
padding: 0px 0px 0px 20px;
font-size: 120%;
font-weight: bold;
background: url(../../../images/sys/ar02_gr02.gif) 5px center no-repeat;
}

/* 年度移動指定 */
.year_list {
float: right;
margin: 0px;
padding: 0px;
text-align: right;
}

.year_list ul {
_float: right;
margin: 0px 0px 0px auto;
padding: 0px;
list-style: none;
}

.year_list li {
float: left;
margin: 0px 2px;
padding: 0px;
}

.year_list li.prev_year {
margin: 0px;
padding: 5px 10px 0px 15px;
color:",gif,core_sys/css/cms_block/list/list_common.css
